Sentença,Classe
O lateral-direito Daniel Alves sofreu um estiramento no joelho direito durante a vitória do PSG por 2 a 0 sobre o Les Herbiers,F
Não há necessidade de cirurgia em um primeiro momento,F
"Em nota oficial, o Paris Saint-Germain disse que o exame mostrou ''uma alta desinserção do ligamento cruzado anterior com entorse póstero-externo''",F
"Segundo o clube, só daqui a três semanas, no fim de maio, é que será possível reavaliar a necessidade de cirurgia.",F
"O técnico Tite vai anunciar os 23 convocados na próxima segunda-feira, às 14h, na sede da CBF",F
Daniel Alves achava que o problema no joelho tinha sido mais grave e está otimista na convocação.,NF
Serão três semanas de trabalho intensivo para evoluir até a reavaliação,F
"Se for chamado por Tite, é muito provável que o lateral-direito passe boa parte da etapa de preparação em recuperação, com o departamento médico",NF
"Dificilmente ele teria condições de disputar os amistosos dos dias 3 e 10 de junho, contra Croácia e Áustria, respectivamente.",NF
"Ainda assim, sua convocação é bastante considerada porque Daniel Alves é um dos mais importantes jogadores da Seleção",NF
"Aos 35 anos, tem sido escolhido por Tite o capitão nos jogos de maior peso, como os recentes amistosos diante de Inglaterra e Alemanha.",F
"Antes, ele já havia usado a faixa contra Argentina e Colômbia, ambas pelas eliminatórias da Copa.",F
A lateral direita já tinha uma vaga aberta na convocação da seleção brasileira.,F
O veterano tenta disputar sua terceira Copa do Mundo,F
Sérgio Xavier Filho afirma que possível transferência do camisa 10 do Paris Saint-Germain pode ser prejudicial para o jogador dado o período que falta para a Copa do Mundo na Rússia,F
O Flamengo acerta os últimos ponteiros com o Consórcio Maracanã para levar uma proposta ao Conselho Deliberativo.,F
"Em texto publicado no site do Flamengo, Bandeira e o vice-presidente de gabinete, Pedro Almeida, destacaram os números positivos das contas do ano passado",F
"Bandeira considera que os resultados administrativos serão alavancas para a ""solução definitiva de estádio"" para o clube",F
O Flamengo ainda estuda o cenário,NF
"Em meio ao clima político do ano eleitoral, Bandeira alfinetou, sem citar nomes, opositores que questionaram as contas na suspensão da reunião do balanço",NF
"O principal grupo de apoio a Bandeira, o SóFla, ainda se movimenta na política rubro-negra para sustentar candidatura própria",NF
Esta quarta-feira amanheceu com uma notícia quente diretamente da Espanha.,NF
"Para o comentarista, o fato de faltar pouco mais de um mês para a Copa do Mundo pode fazer com que o camisa 10 perca o foco.",NF
Ele ainda criticou o pai do jogador,F
"Marcelo Barreto e Camila Carelli, repórter da Rádio Globo, discordaram um pouco do comentarista.",F
"Além disso, ele pode ter dificuldade em se adaptar também a um time praticamente comandado por Cristiano Ronaldo.",NF
Um escândalo de racismo está movimentando os bastidores do Chelsea,NF
Sete ex-jogadores das categorias de base nos anos 80 e 90 acusam os ex-treinadores Gwyn Williams e Graham Rix de má conduta,F
O Chelsea está exposto pela especulação de que existia uma cultura de bullying e abusos racistas em Stamford Bridge,NF
Williams foi uma figura chave por lá por 25 anos,NF
"Tanto Rix quanto Williams, defendidos pelo mesmo advogado, negam veementemente todas as alegações.",F
Eles confirmam a versão sobre a postura racista dos treinadores.,F
"Como eles não entraram em campo, o procurador-geral do STJD, Felipe Bevilacqua, considerou a situação normal e arquivou a denúncia",F
recentemente também negou o pedido liminar do Náutico para cancelar a partida desta quinta.,F
"Marcelo Aparecido Ribeiro de Souza, o árbitro da final do Campeonato Paulista, voltará a apitar na próxima terça-feira",F
O retorno acontece mais de um mês depois de ele ser acusado pelo Palmeiras de aceitar interferência externa e voltar atrás no pênalti marcado a favor do time alviverde,F
Funcionários ficaram assustados,NF
o árbitro procurou a polícia para tentar identificar os autores das ameaças,F
"Marcelo, procurado pela reportagem, não quis dar declarações sobre o período afastado dos campos",F
O árbitro não recebeu o afastamento como sinal de punição,F
"Perto do retorno, Marcelo acredita que, gradativamente, retomará sua rotina no quadro de arbitragem da CBF e voltará a trabalhar na Série A",NF
"No ano passado, foi um integrante ativo do quadro de arbitragem na Série A do Brasileirão",NF
Comandou 14 partidas na primeira divisão,F
O árbitro do Dérbi não foi o único integrante do time de arbitragem a ser retirado das escalas,F
"Responsável por evolução da equipe em poucos meses, ex-jogador pode conquistar primeiro título como técnico",NF
"Acostumados com os dias de glória de um gigante heptacampeão europeu, os torcedores do Milan vêm vivendo um período de agonia",NF
apenas um troféu foi conquistado nos últimos sete anos: uma modesta Supercopa nacional,F
Uma conquista que seria simbólica para o rápido e consistente processo de evolução do time em menos de seis meses de trabalho do ex-volante,NF
"Visto inicialmene mais como aposta em um nome apaziguador do que alvo de total confiança da diretoria, ele conduziu uma mudança mental e também tática",NF
A trajetória que trouxe Gattuso de volta ao dia a dia do Milan começou de forma despretensiosa,NF
O recado era claro,NF
O novo técnico estava ali para tentar atender aos pedidos de uma torcida insatisfeita e tinha a seu favor o histórico de jogador visto como raçudo,NF
Gattuso queria uma mudança de postura,NF
"Ainda desorganizado, o time só evitou uma derrota vergonhosa diante do lanterna Benevento por conta de um gol nos acréscimos",NF
"Os atletas, de fato, tiveram motivos para ficarem mais satisfeitos com o ex-jogador no comando",NF
"Mas, além da mudança de mentalidade, obviamente, a meta do trabalho de Rino era justamente evitar sufocos contra times modestos",NF
E este era o momento de mostrar que era muito mais do que um motivador,NF
Torcedores protestam em treino do Inter no Beira-Rio,F
"Grupo de 50 torcedores reivindica raça, faz cobranças e a ameaças a jogadores no pátio do estádio",F
o ambiente foi de tensão no pátio do Beira-Rio às vésperas do duelo com o maior rival,NF
"Durante a manifestação, alguns rojões foram arremessados no pátio",F
A Brigada Militar foi acionada,F
Os manifestantes pediram a saída do dirigente,F
O Inter volta a treinar na manhã desta quinta-feira,F
"rasileiros e argentinos se enfrentam nesta quarta-feira, às 21h45, no Morumbi",F
Morumbi será palco de mais um jogo decisivo do São Paulo nesta quarta-feira,F
Rodrigo Caio foi expulso ainda no primeiro tempo,F
O próximo adversário de quem passar para a segunda fase será definido em sorteio,F
Aguirre fechou o treino da última terça-feira,F
Cueva e Anderson Martins são os principais candidatos aos seus lugares,NF
Hudson vai sair da equipe titular,F
Isso porque um dos três zagueiros deverá sair do time,NF
"Leonardo Fernández, técnico no primeiro duelo diante do Tricolor, pediu demissão após três derrotas",F
O interino José Chamot assumiu a equipe,F
o aperitivo é para deixar o torcedor esperançoso,NF
o atacante Hyuri acertou uma bela bicicleta e mostrou que de gol bonito ele entende,NF
Daniel Alves chega a hospital em Paris para realizar exames no joelho direito,F
"lateral passará por testes para conhecer gravidade da lesão, que é motivo de preocupação para a Seleção antes da Copa",NF
"Cerca de 50 minutos depois, ele deixou o local novamente sem falar como niguém.",F
Daniel Alves mostrou incômodo no local,NF
"A princípio, jogadores como Marquinhos mostraram-se tranquilos sobre a condição física do lateral",NF
a CBF informou que vai esperar o resultado dos exames para avaliar a situação de Daniel,F
O clube francês ainda não se manifestou,F
"A convocação de Tite para a Copa será na próxima segunda-feira, dia 14",F
"Com improvisação na zaga, Grêmio dá teste de fogo a reservas em jogo decisivo",NF
não é possível manter o alto nível em várias competições simultâneas,NF
Ainda será um teste para a defesa,NF
A estratégia não é novidade,NF
o Inter imerge na semana Gre-Nal com urgência por uma vitória sobre o maior rival no próximo sábado,NF
"A atuação na derrota para o Flamengo, no último domingo, deixou a desejar na avaliação interna",NF
O clima de pressão fez o clube alterar sua rotina de treinamentos,F
Falta pouco para conhecermos os 23 nomes que defenderão a seleção brasileira na Rússia.,F
"Surpresas são possíveis, não prováveis",NF
"Uns são praticamente certos, outros nem tanto",NF
"A três dias da convocação, a expectativa é máxima",NF
Os favoritos nem sempre entram na lista,NF
Hoje esse é um episódio superado na vida de Euller,NF
Ele não disputou as eliminatórias para a Copa de 2010 e foi chamado somente para o último amistoso,F
a expectativa pela última vaga no ataque estava mais em cima de Adriano e Neymar,NF
Grafite estava em casa na hora da convocação,F
"Na época, jogava no Wolfsburg, da Alemanha",F
O momento do anúncio foi o mais emocionante da carreira dele,NF
Grafite é muito agradecido a Dunga pela oportunidade e sabe que tinha totais condições de disputar um Mundial,NF
"Ao mesmo tempo, mostra rara humildade",NF
a ausência na Copa de 2002 se tornou ainda mais frustrante pelo fato de a Seleção ter conquistado o Penta,NF
Mas não foi uma opção do treinador,F
Parreira relembra como foi fazer aquela lista de convocados e revela uma curiosidade,F
"Antes de fechar a lista para a Copa de 2018, Tite sofreu uma baixa importante: com o joelho machucado, Daniel Alves está fora",NF
"o médico da seleção brasileira, Rodrigo Lasmar, confirmou que o lateral precisará passar por uma cirurgia para total recuperação de uma lesão no ligamento cruzado anterior do joelho direito",F
Lasmar apontou que a decisão sobre o procedimento está nas mãos do jogador e do PSG,F
E disse que o jogador pode ficar parado até o fim do ano,F
Daniel Alves sofreu uma lesão no joelho direito no segundo tempo da decisão da Copa da França,F
"O jogador deixou o campo, caminhou com aparente normalidade na sequência e participou da comemoração do título ao lado dos companheiros",NF
"Um exame realizado no dia seguinte, entretanto, mostrou uma desinserção no ligamento cruzado anterior do joelho direito",F
Isso significa que o ligamento se soltou de um osso,F
E também houve entorse na região,F
"o médico da seleção brasileira, Rodrigo Lasmar, viajou rumo a Paris para avaliar o lateral pessoalmente",F
"Lasmar chegou à conclusão de que o brasileiro não estaria apto a entrar em campo no torneio, tendo sua participação descartada",F
"Perdemos um líder, um grande campeão",NF
"Real Madrid está em vias de disputar a sua terceira final consecutiva de Liga dos Campeões, a quarta num intervalo de cinco anos",F
Mas um assunto segue dominando o noticiário merengue: a eventual contratação de Neymar,NF
"Questionado se há uma negociação de fato, ele despistou, mas disse que não fez qualquer pedido a esse respeito",F
"Sem paciência, Emery se esquiva sobre futuro de Neymar: ""Não posso responder",NF
Outra pergunta foi se Neymar poderia se encaixar com Cristiano Ronaldo na equipe do Real Madrid,F
"Mais uma vez, o treinador desconversou para dizer que o foco é o fim da temporada",NF
"Mas, no final da resposta, deu uma resposta mais conclusiva",NF
"Gigantes procuram Fred, mas destino é incógnita",NF
Ucranianos recusaram oferta do City pelo meio-campista em janeiro,F
"Além dos dois clubes de Manchester, outros mostraram interesse por ele",F
Objetivo do estafe é a transferência no meio do ano,F
"Essa é uma das perguntas a serem respondidas na próxima janela de transferências europeia, a partir de junho",F
"Aos 25 anos, o meio-campista vive grande fase e é cobiçado por gigantes do futebol mundial",NF
"A única coisa certa neste momento é que ele pretende deixar o Shakhtar Donetsk, da Ucrânia, no meio do ano",NF
Fred recebeu uma proposta do Manchester City em janeiro,F
o Shakhtar a recusou por estar disputando a Liga dos Campeões,F
O Manchester United também mostrou interesse,F
outros clubes também procuraram o atleta para conversar,F
O contrato de Fred com o Shakhtar vai até o meio de 2021,F
Ele disputa sua quinta temporada pelo time ucraniano,F
e acredita que é hora de mudar de ares e alçar um voo ainda mais alto,NF
Fred vive talvez a melhor fase da carreira,NF
Fred está bem cotado para ser um dos 23 nomes da lista da seleção brasileira para a Copa do Mundo,NF
Neymar apresenta novo uniforme do PSG,F
O dia foi de lançamento de outras camisas produzidas com a Nike,F
Bayern de Munique anuncia renovação dos contratos de Robben e Rafinha,F
Meia holandês e lateral brasileiro estendem vínculo por mais uma temporada e permanecerão no clube até junho de 2019,F
o Bayern de Munique anunciou mais duas renovações nesta sexta-feira,F
O holandês e o brasileiro tinham ligação com o Bayern expirando no próximo mês,F
"Aos 35 anos, Robben decidiu renovar seu contrato com o clube por mais uma temporada",F
O holandês é um dos grandes ídolos da torcida bávara,NF
"Há quase sete anos no Bayern, o lateral de 32 anos possui identificação com a torcida e recebeu diversas chances na temporada",NF
Islândia divulga os 23 convocados para sua primeira Copa do Mundo,F
"Estreante em Mundiais, seleção que surpreendeu na última Eurocopa anuncia grupo que disputará o torneio na Rússia",NF
"uma das candidatas a zebra, a Islândia definiu os 23 jogadores que defenderão o país em sua primeira Copa do Mundo",NF
os islandeses preferiram anunciar a convocação definitiva - assim como fará a seleção brasileira na próxima segunda,F
"Outras equipes, entretanto, optaram por divulgar apenas a pré-relação com 35 nomes",F
"A boa notícia é a presença de Gylfi Sigurdsson, um dos destaques da seleção nórdica",NF
"Deste então, ele não entra em campo - mas deve estar apto para jogar no início do Mundial",NF
"A Islândia estreia na Copa no dia 16 de junho, diante da Argentina, em Moscou, às 10h",F
"No dia 22, o time volta a campo para a pegar a Nigéria, em Volgogrado, e, quatro dias depois, enfrenta a Croácia, em Rostov",F
Flu tem recepção calorosa em volta ao Rio,NF
A torcida do Fluminense reconheceu o esforço do time na Copa Sul-Americana e fez festa para os jogadores no retorno deles ao Rio de Janeiro,NF
"Nesta sexta-feira, cerca de 100 pessoas recepcionaram a delegação tricolor após a classificação",F
O lateral Ayrton Lucas ressaltou a dificuldade do duelo em Potosí,F
"Antes mesmo de a delegação desembarcar, os torcedores se aglomeraram e começaram a cantar no aeroporto",F
"Na chegada dos jogadores, o bloqueio improvisado por seguranças foi furado para que se chegasse mais perto dos atletas",F
Abel Braga foi um dos mais festejados pela torcida,NF
"O Fluminense volta a campo nesta segunda-feira, pelo Campeonato Brasileiro",F
Flamengo poupa quatro titulares para duelo contra a Chape,F
"Após sequência intensa de jogos e viagens, o Flamengo terá jogadores do time titular poupados diante da Chapecoense, domingo, pelo Brasileirão",NF
"Caso vença o Emelec, o time se classifica para as oitavas de final",F
"Diego, que tratou lesão e desfalcou o time nos últimos jogos, está de volta",F
"Assim como o zagueiro Rhodolfo, que não joga há mais de um mês",F
Francês e Alemão se destacam em vitórias do Barcelona e do Manchester City,NF
lista de ausências no Mundial por lesão aumenta nos últimos dias,F
Faltam 35 dias para a Copa do Mundo,F
"além do bom desempenho defensivo, Benatia foi um dos destaques do título da Juventus na Copa da Itália",NF
"depois de sofrer com lesões musculares, enfim começa a brilhar com a camisa do Barcelona",NF
Fez linda jogada no gol de Philippe Coutinho e marcou duas vezes no fim,NF
"O segundo gol foi um golaço, com direito a arrancada desde o meio-campo e toque por cima do goleiro",NF
"o jovem atacante do Boca Juniors, de 22 anos, foi um dos destaques do empate xeneize por 2 a 2 com o Gimnasia",NF
Fez a jogada que garantiu o segundo gol do Boca,F
Ganhou força para aparecer na lista de Sampaoli,NF
É uma das poucas opções de ponta do treinador,NF
"cada vez mais perto do adeus ao Barcelona, Iniesta mostrou novamente todo o seu talento na goleada sobre o Villarreal",NF
Deu dois passes fantásticos no jogo,NF
"No terceiro, um toque genial por cima da defesa para Messi apensa deslocar o goleiro",NF
entrou apenas no fim da goleada sobre o Villarreal,F
mas se destacou no clássico contra o Real Madrid,NF
o jogo não valia nada,NF
ajudou o Manchester City a seguir quebrando recordes no Campeonato Inglês,F
O alemão deu três assistências na vitória por 3 a 1,F
Sérgio Ramos não teve uma noite feliz na derrota por 3 a 2 para o Sevilla,NF
não foi o suficiente para evitar a derrota,F
Ele já foi operado e vai precisar de seis meses para se recuperar,F
o jogador de 24 anos sofreu uma lesão no ligamento do joelho direito e ficará fora do restante dos jogos do Liverpool na temporada,F
Será a terceira competição importante consecutiva em que Chamberlain desfalcará a seleção inglesa por conta de uma lesão no joelho,NF
"O Santos cumpriu a obrigação de abrir vantagem sobre o Luverdense no primeiro duelo das oitavas de final da Copa do Brasil, na Vila Belmiro",NF
Mas em um duelo com tamanho abismo entre os dois clubes a vitória em casa era o mínimo esperado,NF
o Luverdense é o oitavo colocado de um grupo com dez times na Série C do Campeonato Brasileiro,F
"O placar de 5 a 1 a favor remete à goleada sofrida em Porto Alegre para o Grêmio, no último domingo",F
Mas a dinâmica das duas partidas foi totalmente diferente,NF
"Para quem não viu o jogo, esse resultado de 5 a 1 pode dar a falsa ideia de uma vitória fácil.",NF
O Peixe sofreu o primeiro gol em falha de Vanderlei,NF
e por pouco não foi para o intervalo atrás no placar,NF
"Gabriel havia igualado o jogo, de cabeça, após completar ótimo cruzamento de Victor Ferraz",NF
O último lance do primeiro tempo foi uma defesa fundamental de Vanderlei para evitar o segundo gol do Luverdense,NF
A jogada surgiu em um contra-ataque de quatro contra três,F
recomposição não foi veloz e o Luverdense teve muita liberdade,NF
O Peixe havia atacado com sete atletas e terminou o lance defendendo com três jogadores,F
No segundo tempo o futebol do Santos deslanchou,NF
"Vitor Bueno, com atuação apagada na primeira etapa, se destacou principalmente nas bolas paradas",NF
Ele deu assistência para Gustavo Henrique,F
"A boa batida do jogador, inclusive, precisa ser uma arma mais explorada pelo time de Jair Ventura",NF
"A expectativa sobre Bueno, aliás, é de que ele possa retomar o bom futebol praticado antes da grave lesão no joelho direito",NF
"Sem um novo meia de ligação, cobrado pela torcida em protesto antes do jogo, recai sobre Vitor Bueno a esperança nesta posição",NF
"Gabriel, autor de três gols, e Rodrygo foram os principais nomes do Santos",NF
"Embora não tenha marcado ou dado assistências, a participação de Sasha também merece destaque",NF
Sasha iniciou as jogadas do terceiro e quarto gols de Gabriel,F
"Victor Ferraz, substituto de Daniel Guedes, foi outro ponto positivo do time",NF
"Embora não sirva para apagar a péssima atuação diante do Grêmio, a goleada alivia o clima na Vila Belmiro",NF
"Mas é necessário evoluir e melhorar o futebol apresentado, caso o objetivo seja ir longe na própria Copa do Brasil e na Taça Libertadores",NF
"Por fim, o gesto de Alison de passar a faixa de capitão a Vanderlei põe uma pedra na ríspida discussão entre os dois na Arena do Grêmio",NF
"O próximo jogo do Santos é contra o Paraná, domingo, às 19h, na Vila Belmiro, pelo Brasileirão",F
O Corinthians está vivo em três competições na temporada,F
a Copa do Brasil tem tudo para ser a preferida da equipe de Fábio Carille no segundo semestre de 2018,NF
o clube tem motivos de sobra para olhar a Copa com carinho,NF
A vitória desta quinta levou o Timão às quartas de final do torneio,F
Baita atuação que classifica o Timão para as quartas-de-finais da Copa do Brasil,NF
"E pra mim o grande destaque do jogo foi o paraguaio Romero, que fez dois gols e só pra variar mostrou raça e dedicação em todos os momentos da partida",NF
Tem muita gente que critica o gringo porque ele não é um primor de técnica,NF
"Isso é verdade! Outra constatação é que analisando suas atuações, na maioria dos jogos, ele também fica longe de ser apontado como um atacante de ofício",NF
Afinal o que o Romero mais faz é dar carrinho na lateral e ficar pressionando zagueiros e volantes nas saídas de bola,NF
Agora não dá pra negar a importância dele no esquema do Corinthians desde a época em que o Tite era o comandante,NF
Incrível a transpiração desse cara,NF
"Além de ter um fôlego impressionante para atacar e defender, o Romero sabe fazer gols",NF
Estava atravessando um tremendo jejum mas com os dois dessa noite ele se isolou ainda mais como o maior artilheiro da Arena com 23 gols,F
Isso é uma marca importante,NF
E sabem mais do que? Esse moleque é humildade pura,NF
Não reclama de nada,NF
Isso cativa o torcedor corintiano,NF
"Até porque o Timão talvez seja um dos poucos clubes do Brasil e do mundo onde não precisa ser craque pra ser ídolo, basta viver o time e se dedicar",NF
A impressão que tenho do São Paulo nessa administração do presidente Leco é que ele vive buscando um personagem salvador para esconder seus GRAVES erros administrativos,NF
Pelo amor de Deus! É uma lambança atrás da outra,NF
"O torcedor são-paulino mais otimista deve estar 'P' da vida comigo, afinal como poderia estar criticando o time um dia depois da classificação na Copa Sul-Americana diante do Rosário Central",NF
Mas posso falar a verdade? Esse time argentino é uma baba! Não joga nada! Outro dia estava levando uma surra do lanterna do campeonato deles,NF
Virou motivo de chacota nacional,NF
O Tricolor não fez nada mais do que a obrigação de ficar com a vaga dentro de casa e com um elenco bem mais qualificado tecnicamente,NF
Só achei CURIOSO a reviravolta da imagem do Diego Souza dentro do clube,NF
De ENGANADOR ele virou o NOVO 'Sassá Mutema',NF
Agora jogam com os números de que ele é o artilheiro do time na temporada (5 gols) e depois da conversa com o Aguirre ele voltou a jogar bola de alto nível,NF
"Vai conduzir a equipe aos títulos, sinceramente alguém acredita nisso? Para vai",NF
"Vou falar a verdade, pra mim o Diego é sim um jogador de muita qualidade, tem força e qualidade pra jogar bola",NF
Mas não o vejo como o centroavante e goleador ideal para o São Paulo,NF
Não acho que é a dele,NF
E mais: trata-se de um jogador muito irregular,NF
"Vai ser difícil embalar como o Hernanes no ano passado, que não só livrou o time do rebaixamento como fez o campeonato dar graça novamente para o Tricolor",NF
De qualquer forma acho difícil alguma coisa dar certo no Morumbi enquanto essa diretoria tiver no poder,NF
"Acho inclusive que deveria assumir o clube gente com mentalidade nova e vencedora, Só assim pra sair do buraco",NF
Merecido,NF
Pra falar a verdade não consigo ver outra coisa senão o Verdão como FAVORITO em todas as competições que disputa,NF
Tem um baita elenco e está jogando muito bem,NF
Acho que só precisa focar mais no psicológico pra não PIPOCAR na hora 'H' das decisões,NF
Agora o que mais me chamou a atenção nesse jogo foi o desempenho do Miguel Borja,NF
Sinceramente esse colombiano é ruim demais tecnicamente,NF
"Meu Deus! Erra quase todos os domínios, pega torto na bola e perde gol adoidado",NF
Só contra o América ele desperdiçou duas chances simplesmente inacreditáveis,NF
Certamente irritou o torcedor alviverde,NF
Analisando friamente é inacreditável imaginar que ele tenha sido comprado por incríveis R$ 33 milhões do Atlético Nacional,NF
Só que não dá pra negar que ele é raçudo e tem posto a bola na rede,NF
Borja abriu o placar contra os mineiros em uma bola que bateu na sua canela,F
Mas fez o gol digno do artilheiro histórico Dadá Maravilha,NF
Foi o 11º dele na temporada em 20 partidas,F
"Já marcou mais que em 2017, quando verdade seja dita ele era preterido pelo técnico Cuca",NF
"Em contrapartida o Roger aposta nele, dá oportunidades",NF
"Se bem que entende que quando o Palmeiras encara uma equipe mais forte, que sai mais pra partida, o Borja atrapalha taticamente",NF
Resumindo eu acho o Borja um grosso de bola,NF
Não vale a grana que pagaram,NF
Mas tem feito um bom ano e empolgado a torcida do Verdão,NF
Vamos ver até quando dura o faro de gol,NF
Só acho bem difícil que o patrocinador recupere a grana investida apesar dele ter apenas 25 anos,NF
"Acompanhei um trecho divulgado pelo programa 'Bola da Vez', dos canais ESPN Brasil, onde o jogador Rodrigo Caio, zagueiro do São Paulo, fala com todas as letras de chegou a hora de deixar o clube",NF
"Dando a entender que ele só pode ter coisa melhor engatilhada com outro time, viu!? Só pode",NF
Não é possível! Ou foi totalmente JUVENIL de falar uma coisa dessas em um momento tão turbulento,NF
"Veja bem, há algum tempo o Tricolor está tentando reencontrar uma forma competitiva de jogar bola",NF
Mesmo contratando um montão de MEDALHÃO as coisas não se encaixam,NF
Nem troca de treinador está adiantando muito,NF
"Aí o Rodrigo, que é tido por todos como um dos jogadores mais valorizados do elenco - se não for O MAIS -, praticamente dá a entender que não quer mais ficar, que pretende ser negociado",NF
"Tem um porquê disso? Só pode estar de brincadeira, né? Isso pra mim é mais uma prova de que o presidente Leco não tem o menor controle sobre o clube",NF
É uma bagunça digna de time de várzea,NF
"Aliás, em muitas dessas equipes varzeanas há uma organização bem maior",NF
Lembro perfeitamente que o Rodrigo Caio quase saiu duas vezes,NF
"Teve até uma dessas que ele teria sido reprovado no exame médico, não ficou muito claro",NF
"Minha opinião? Trata-se de um bom zagueiro, de qualidade técnica, mas de porte físico franzino que pode ter dificuldades de se adaptar no futebol europeu",NF
Acho inclusive que pela bola que vem jogando ele não merece fazer parte do grupo da Seleção Brasileira que disputará a Copa do Mundo no próximo mês,NF
Agora pedir para sair do clube desse jeito é totalmente INGRATIDÃO por parte desse jogador,NF
Afinal se não fosse o São Paulo ele não seria ninguém na carreira,NF
"Poderia ter sido melhor orientado, sair por cima",NF
No próximo dia 14 o técnico Tite divulga a lista de jogadores relacionados para a disputa da próxima Copa do Mundo na Rússia,F
"E na minha visão, tendo em vista a bola que os times estão jogando, o comandante vem cometendo uma terrível injustiça",NF
"Não dá pra ignorar, por exemplo, a bola redonda que o Grêmio está jogando",NF
Pelo amor de Deus! A turma do Renato Gaúcho forma simplesmente o melhor time do País e muito provavelmente o melhor das Américas,NF
"Não à toa, inclusive, foi campeão da Libertadores no ano passado",NF
E mesmo assim o Tite pouco convoca jogadores gremistas,NF
"Acho que o Geromel foi poucas vezes lembrado, assim como o volante Arthur e o atacante Luan",NF
Os três pra mim são referências em suas posições hoje no Brasil,NF
O Geromel é tranquilamente um dos dois melhores zagueiros do País,NF
"Não dá pra entender a insistência no são-paulino Rodrigo Caio, NUNCA que ele joga mais bola",NF
É até ridículo ver isso na Seleção! E o que dizer de convocar Taison e deixar o Luan para trás? Para vai! O Luan foi eleito o craque das Américas em 2017,NF
Na campanha do Ouro Olímpico em 2016 a entrada dele mudou aquele time do Micale,NF
É um baita jogador!A geração PlayStation vai questionar o Arthur,NF
Afinal AMAM o Fernandinho! Pra mim o volante do Grêmio é 10 vezes melhor,NF
Tem mais recurso técnico e bom passe,NF
Na minha Seleção só o Casemiro está na frente dele como primeiro volante,NF
"Alias, se precisar ele faz segundo volante saindo mais para o jogo também",NF
É talvez o melhor da posição hoje no País,NF
Na goleada sobre o Santos por 5 a 1 ele deitou e rolou,NF
"Portanto, Tite, dia 14 é a hora da verdade! Chega de Ismailys e outras invenções inacreditáveis",NF
Copa é coisa séria! Precisamos dos melhores e entre eles precisam estar esses três gremistas,NF
ACORDA!Começo os 'Pitacos' desta quarta rodada do Brasileirão falando dos dois jogos de sábado,NF
Em São Januário o América saiu na frente do Vasco com gol de pênalti do Rafael Moura e achava que seria mole sair dali com os três pontos,NF
Nada disso! Na etapa final os cruz-maltinos acordaram com estilo e fizeram quatro gols,NF
Isso mesmo! Quatro! Sinceramente acho o elenco vascaíno FRACO,NF
Mas em casa precisa se superar para não sofrer contra o rebaixamento no final do ano,NF
"E de pensar que se não fossem as lambanças do Eurico era para o clube estar bem melhor, hein?Já no Morumbi foi justamente o contrário",NF
"O São Paulo abriu o placar com o gol do ex-rubro-negro Éverton e fazia uma partida controlada até a metade da etapa final, quando o Galo virou com Roger Guedes e o artilheiro Ricardo Oliveira",NF
No final o Tricolor conseguiu o empate com o Diego Souza,F
Mas posso falar a verdade? Continuo achando o time do Diego Aguirre bem instável EMOCIONALMENTE,NF
"Fora que sempre na virada de lado cansa de uma maneira impressionante, alguma coisa errado tem aí",NF
"Já no domingo pela manhã o técnico Fábio Carille lançou a campo uma equipe mista para enfrentar o Ceará, que ainda nem tinha feito gol no campeonato",F
"Pois bem, nem Pedrinho e muito menos o estreante Roger renderam próximo do esperado",NF
O Timão fez uma partida totalmente MEIA-BOCA e a galera que lotou Itaquera deixou o campo só com o empate em 1 a 1,NF
DECEPÇÃO total! Já são quatro partidas sem vitórias e a certeza de que a diretoria precisa apresentar reforços,NF
O elenco é curto e não dá para o técnico fazer tantos MILAGRES,NF
Mais a tarde o jovem time do Flu bateu o Vitória no Barradão de virada por 2 a 1 e também subiu para as primeiras colocações,F
Em BH o Cruzeiro venceu a primeira na competição,F
"A vítima foi o Botafogo: 1 a 0, gol de cabeça do Dedé",F
E posso falar? O Tite fica nessa lenga-lenga de caçar um quarto ou quinto zagueiro para a Copa,NF
Dedé é o cara! Se tiver 100% RECUPERADO é craque na posição,NF
"Pra mim ele e o Gil, ex-Timão, faria uma baita defesa!",NF
Quem lidera o campeonato de maneira isolada continua sendo o Flamengo,F
"Fez 2 a 0 no Inter com direito a mais um gol do Paquetá, outro que vem jogando uma bola redonda nas vésperas da Copa",NF
"Ah, o Guerrero voltou e vai encaixar nesse time",NF
"Olha, fiquem de olho no Mengão, hein? Se continuar assim capaz de levantar o caneco no final do nao, viu!? E quem deve disputar com o rubro-negro esse título é o Palmeiras",NF
A equipe do Roger Machado foi à Curitiba e não tomou conhecimento do Furacão: 3 a 1 fora o baile! A verdade é que elenco recheado de qualidade sempre faz diferença em competições de pontos corridos,NF
Por mais que machuque ou suspenda jogador por cartão sempre tem outro cara bom pra por no lugar,NF
"Verdão já é o vice-líder e agora SEGURA!!!Só quem ameaça Verdão e Mengão pra mim é o Grêmio, que pra mim joga o melhor futebol do País",NF
Deu dó do que os comandados do Renato fizeram com o Santos,NF
Pelo amor de Deus! Uma goleada de 5 a 1 incrível! É,NF
o Jair Ventura vai começar a ter trabalho com os corneteiros da Vila,NF
Belo trabalho do Leão até aqui,NF
Faltando pouco mais de um mês para a estreia da Copa do Mundo pouca gente fala da competição e do desempenho da Seleção Brasileira,F
Não vejo bandeiras pelas ruas e muito menos as tradicionais calçadas dos bairros sendo pintadas,NF
Pra falar a verdade nem os programas esportivos debatem o assunto,NF
Talvez o Mundial de Rússia seja o menos falado da história por aqui,NF
E ao analisar uma pesquisa feita pelo Datafolha nessa semana ficou comprovada essa sensação,F
O aumento daqueles que disseram não ter nenhum interesse pela Copa subiu de 18% (última pesquisa feita nas vésperas do Copa da África em 2010) para 42%,F
Alguém sabe explicar o porquê disso? Tem gente mais otimista que vai culpar o Felipão e sua turma da humilhante goleada por 7 a 1 para a Alemanha,NF
Posso falar? Eu não acho que é só isso,NF
"Análise técnica é individual e quer queira, quer não, o Tite conseguiu resgatar um pouco o espírito vitorioso da nossa Seleção",NF
O grande problema do desinteresse repentino do povo pela Copa na minha visão é a rede de CORRUPÇÃO e de LAVAGEM DE DINHEIRO que foi instalada na CBF pelos últimos presidentes em pelo menos três décadas,NF
Todos os cartolas ou estão presos ou são procurados pela polícia internacional por PICARETAGEM pesada,NF
Paira no próprio comandante a desconfiança nas convocações,NF
Ainda mais vendo nomes constantes e inexplicáveis como Taison e Ismaily,NF
É mole?Portanto é mais do que justificável esse pé atrás do povo com a Seleção da CBF,NF
"Porque a verdade é essa, não é? A Confederação é uma entidade privada que só faz é arrecadar dinheiro as custas do amor do brasileiro pelo futebol",NF
Sinceramente acho que algo deveria mudar nesse meio do caminho,NF
Com direito a alguma intervenção do governo,NF
Não resta dúvida de que o Palmeiras hoje tem um dos melhores elencos da América,NF
Sem dúvida é o grande favorito para a conquista da Libertadores,NF
Até porque analisando os outros times da competição não vi até agora NENHUM gringo a altura do Verdão,NF
"Até o tradicional e competitivo Boca Juniors, virtual campeão argentino, levou uma baita SURRA dos comandados do Roger lá na temida La Bombonera",NF
E com a vitória desta quarta diante do fraco Alianza Lima no Peru o Palmeiras praticamente garantiu a liderança da classificação geral da competição,F
"Só faria frente ao Palmeiras pra mim os brasileiros Cruzeiro e Grêmio, do ponto de vista técnico, e o Corinthians pela rivalidade (isso se o Timão classificar!)",NF
E é justamente aí que mora o perigo,NF
A partir da próxima fase já são jogos em formato mata-mata e essa boleirada alviverde tem encontrado uma dificuldade enorme de encarar jogos GRANDES,NF
Decisões! Foi assim no Paulistão,NF
Perdeu um campeonato praticamente ganho porque não suportou a pressão da final em casa diante de seu estádio lotado,NF
"Qualquer papo de influência de arbitragem é CHORADEIRA, é querer desviar o foco, porque ficou nítido que o time PIPOCOU em campo",NF
Veremos se essa turma terá controle emocional para conquistar um título em 2018,NF
E diante de todo o investimento milionário que o clube vem fazendo nos últimos anos isso é sim uma OBRIGAÇÃO,NF
"O torcedor alviverde, que são extremamente críticos com minhas opiniões, sabem disso",NF
"Acredito que se for conquistar algo, esse Palmeiras estaria mais próximo do Brasileirão que Libertadores",NF
Realmente esses caras não me passam confiança nem aquela 'pegada' na hora H,NF
"Um velho e sábio ditado no futebol já diz: ""Todo grande time começa por um grande goleiro""",F
"Difícil discordar disso, afinal analisando as maiores equipes do País todas tinham grandes goleiros",NF
"Só pra relembrar alguns na história, Gilmar dos Santos Neves marcou época no Santos de Pelé, o Leão fechava o gol na Academia do Palmeiras, e o que dizer o Raul Plassmann como camisa 1 do excelente time do Flamengo campeão do Mundo em 81? teve também Zetti no Tricolor bimundial",NF
Depois Marcos e Rogério Ceni marcaram época no futebol paulista,NF
"Pois é, e falando de Seleção Brasileira acho que a responsabilidade aumenta",NF
Dos goleiros campeões do mundo com a camisa verde-amarela talvez apenas Felix não fosse uma unanimidade nacional,NF
Ainda assim fez uma baita Copa do Mundo em 1970,NF
Taffarel foi crucial em 94 defendendo até pênalti na final contra a Itália,NF
Só que sinceramente esse Mundial da Rússia me preocupa,NF
Vixe Maria! Esse rapaz Alisson não me passa confiança nenhuma,NF
Pra falar a verdade até vi grandes atuações dele com a camisa da Roma,NF
Só que nesses últimos jogos da Liga dos Campeões me passaram uma desconfiança MONSTRA,NF
"Somando as quartas e as semifinais, em quatro partidas ele tomou 11 gols",F
Isso mesmo! 11 gols! Número muito alto para um goleiro de nível de Seleção,NF
Aí a garotada da geração PlayStation ou aqueles mais apaixonados pelo cara - porque ele é bonito talvez? - vão defendê-lo dizendo que não houve falhas,NF
Tiveram várias sim,NF
"Talvez não frango, mas muitos erros de saída e posicionamento",NF
"São por situações como essas que me pergunto se ele é o cara ideal para vestir a camisa 1 da Seleção Brasileira na Copa, sinceramente não acho",NF
Tem muitos outros por aqui que pra mim estão em um nível acima,NF
"Se vão me chamar de clubista por preferir o corintiano Cássio, então dou outras opções como Marcelo Grohe, Fábio, Vanderlei e até o Jaílson do Palmeiras",NF
Todos pra mim tecnicamente estão vivendo um momento melhor na carreira,NF
Já vi o Brasil perder a Copa por causa de falhas de goleiros,NF
Espero que não aconteça de novo por insistência do Tite,NF
"Alguém aí acompanhou o jogo entre Vasco e Cruzeiro em São Januário? Vixe Maria! Por mais que o torcedor cruz-maltino ainda alimentasse uma esperança de classificação na Libertadores, qualquer pessoa que entenda o mínimo de futebol sabia que as chances eram bem remotas",NF
"Mas bem remotas mesmo! E não falo nem só por causa da baixa pontuação dentro do grupo, mas principalmente pela bolinha que o time vem jogando em 2018",NF
"Na boa? O Vasco foi vice do Estadual, só que o Cariocão não é parâmetro, e a campanha na Libertadores expressou bem isso",NF
Ridícula! O time do Zé Ricardo foi simplesmente MASSACRADO dentro de casa,NF
"Sassá, Thiago Neves e companhia deitaram e rolaram na zaga carioca",NF
"Uma goleada que expressa bem também a volta da boa fase da Raposa, que deu uma patinada e já retomou o rumo dos bons resultados",NF
Pra mim a equipe do Mano é muito boa e é forte candidata ao título dessa Libertadores,NF
Já em Itaquera o Corinthians sofreu um tremendo APAGÃO no começo do jogo,NF
Levou um gol do Independiente já no primeiro minuto e ainda na sequência sofreu até gol contra do Romero,F
Com 2 a 0 contra no placar o Timão foi forçado a acordar,F
Até pela pressão do estádio que estava simplesmente LOTADO,F
Em uma bela jogada o Jadson diminuiu na etapa inicial,NF
"Na virada de lado os argentinos armaram uma baita RETRANCA, como já era esperado, e conseguiram segurar a vitória",NF
Essa foi a segunda derrota seguida do Timão,F
"Jogou mal? Ao contrário do final de semana contra o Galo, mostrou raça e disposição",NF
"Mas pela forma como o Carille arma a equipe, quando sai atrás do placar os caras tem uma dificuldade enorme para recuperar",NF
Até porque faltam opções ofensivas nesse grupo,NF
Motivo para desespero? Também não,NF
Só que serve de alerta,NF
"Ah, vale lembrar que o Sheik foi bem juvenil, prejudicou qualquer recuperação",NF
"Uma vez o ex-lateral Vítor, que tem no currículo 4 títulos de Libertadores com São Paulo, Vasco e Cruzeiro, esteve no programa 'Os Donos da Bola' da Band e ao se referir a um assunto polêmico sobre um colega de trabalho, também ex-jogador, falou: quem é da espécie defende a espécie",F
Aquilo sinceramente me marcou,NF
Sempre achei que na época em que eu jogava bola faltava aos atletas um pouco mais de união,NF
O individualismo até certo ponto atrapalhou as relações de amizade a longo prazo da minha geração,NF
"Mas hoje, graças ao Vítor, penso diferente",NF
"O que a SPORTV fez com o Juninho Pernambucano, hoje comentarista do canal, foi uma baita TRAIRAGEM",NF
"Sacanagem das 'brabas'! O ex-meio-campista, ídolo do Vasco e Lyon da França, só fez dar sua opinião - o que ele é pago pra isso, diga-se de passagem! - sobre jornalistas setoristas tendenciosos e foi duramente criticado AO VIVO pela direção da emissora",NF
Ridículo! O André Rizek levou um comunicado na frente do cara e o deixou em uma tremenda saia justa,NF
Até entendo que a Globo/Sportv tenha uma política meio 'caixas' e limite a liberdade de seus profissionais,NF
"Mas daí a expor um cara como o Juninho, não tem o menor sentido",NF
"Veja bem, não gostaram? Espera acabar o programa e fala com o cara",NF
"Aliás, imaginava que por lá eles já teriam que seguir previamente uma cartilha",NF
Portanto sou TOTALMENTE solidário ao Juninho,NF
E mais! Ele tem razão sim,NF
"Vários setoristas do passado, do presente e também do futuro fazem muita maldade com o atleta",NF
Inventam notícia e tudo mais,NF
Usam a mídia de maneira negativa,NF
"São por situações como essas que valorizo - E MUITO! - meu trabalho na Band, onde tenho liberdade total para dar minhas opiniões",NF
"Sempre baseadas na minha verdade, doa a quem doer",NF
Não deu outra! Mesmo com todas as provocações dos jogadores do Bayern o Real Madrid chega em mais uma final de Liga dos Campeões,NF
Será a quarta decisão nas cinco últimas edições,F
E olha que a turma do Cristiano Ronaldo busca o terceiro título consecutivo,F
Podem falar o que for mas o Real Madrid é indiscutivelmente o maior clube da história do futebol mundial,NF
"Pelo amor de Deus! Como questionar esses caras? E pra coroar todo esse trabalho, após o Zidane assumir o time principal, em 4 de janeiro de 2016, a coisa decolou ainda mais",NF
Conquistou praticamente tudo o que disputou,F
"E quando se trata de Liga dos Campeões então, é impressionante a disposição que o time dele se apresenta",NF
Não perdeu nenhum mata-mara como comandante,F
Agora provavelmente fará em Kiev a final contra o Liverpool da Inglaterra,F
Até porque depois dos 5 a 2 só um novo milagre salva a Roma,NF
Dizer que o Real vai ser campeão é chover no molhado,NF
Pra mim é sem dúvida o principal favorito,NF
"Mas é verdade também que os ingleses tem um ataque poderoso com Salah, Mané é Roberto Firmino",NF
Só que os merengues ganham ainda mais força nesses momento,NF
"O emocional de caras como Cristiano Ronaldo, Sérgio Ramos e Benzemá é algo impressionante! Nada abala",NF
"Olha, vou ser bem sincero, o Barça do Messi encantava o mundo até pouco tempo atrás com seu poder de posse de bola e disposição tática, mas NINGUÉM no mundo da bola tem tanta VOCAÇÃO para ser campeão igual ao Real Madrid",NF
"O curioso é que sempre quando isso acontece - e acontece desde que Charles Miller trouxe o futebol para o Brasil em 1894 - se levanta a possibilidade da implementação do sistema de árbitro de vídeo, mundialmente conhecido como VAR (sigla em inglês de video assistant referee ou árbitro assistente de vídeo)",F
No início desse ano existiu uma reunião entre os principais clubes do País para votar nisso,F
"Alguns deles, entre eles o Cruzeiro, Corinthians e Santos, recusaram a tecnologia dizendo que esse seria um alto custo nos cofres dos clubes",F
"Segundo a maioria que votou contrária, isso deveria ser um dinheiro gasto pela CBF",F
E posso falar? Também acho que deveria ser,NF
Uma entidade milionária e comprovadamente CORRUPTA deveria pelo menos tentar MORALIZAR o esporte por aqui,NF
E a tendência é que em breve o tal do VAR seja aprovado,F
Será até meio forçado tendo em vista tamanha incompetência na arbitragem por aqui,NF
"A defesa do Internacional fez uma ótima partida, em jogo tenso válido pela quinta rodada do Campeonato Brasileiro",NF
"Com o ponto conquistado fora de casa, o time colorado fica na 13ª posição, com cinco pontos",F
"Apesar do empate com gosto de derrota, a equipe tricolor sobe três colocações e dorme na vice-liderança da competição, com oito pontos",F
"Antes de a bola rolar no Gre-Nal 416, os times e as duas torcidas renderam homenagem ao ex-presidente tricolor e do Clube dos 13, Fábio Koff, que morreu quinta-feira, aos 86 anos",F
Mas bastou o árbitro apitar o início da partida para que a aparente sintonia de fora de campo desse lugar à tensão dentro das quatro linhas,NF
Logo aos 2 minutos veio a primeira confusão,F
Cuesta acertou Luan e os jogadores discutiram no meio-campo,F
Foram apartados pelo juiz Wilton Pereira Sampaio,F
Entradas duras e as farpas entre os jogadores deram o tom durante todo o jogo,NF
O Grêmio foi mais time ao longo dos 90 minutos,NF
"Buscou o gol a todo instante, com triangulações de Arthur, Alison e Luan",NF
"Jogou no campo de ataque, mas sem agredir o rival",NF
Pouco entrou na área do Inter,NF
"Mesmo que seja estratégia, chama atenção como o Inter não consegue ficar com a bola",NF
"Grêmio domina amplamente o jogo, embora com poucos espaços na entrada da área",NF
"Com Inter bem encaixado na marcação, Luan recuou para tentar construir as jogadas",NF
Os volantes Maicon e Arthur avançaram em busca de espaço ofensivo,F
"Mas nada disso superou a barreira colorada, que contou com boa atuação do lateral Zeca, fechando pelo meio a pedido do técnico Odair Hellman",NF
"Zeca, por sinal, fez a sua estreia com a camisa colorada neste sábado",F
"Sem D'Alessandro, com dores musculares, faltou qualidade ao Inter para ficar com a bola, trocar passes e envolver o adversário",NF
"A proposta do colorado de jogar fechado, com marcação atrás da linha divisória do gramado, foi eficiente",NF
"Apesar de o Grêmio ter cerca de 70% de posse de bola, não criou muitas chances reais de gol",F
"No fim do primeiro tempo, o zagueiro Geromel cabeceou com perigo, após escanteio batido da esquerda",NF
"Os gremistas também reclamaram pênalti sobre o lateral Cortez, mas o árbitro mandou seguir",F
O Grêmio voltou mais agressivo na segunda etapa,NF
"Logo no primeiro minuto, Luan cruzou pela direita e o atacante André, na linha da pequena área, sozinho, finalizou de pé esquerdo por cima do gol",F
Depois disso foi praticamente jogo de ataque contra defesa,NF
"Aos 35 minutos, o lance mais perigoso",NF
"Após escanteio, Madson cabeceou e Danilo Fernandes fez ótima defesa",NF
"No rebote, Geromel desperdiçou",F
"Com o bloqueio dos jogadores do Inter na frente da área, a equipe do técnico Renato Gaúcho virava a bola de um lado para outro para abrir espaços na trincheira adversária",F
Os chutes de Luan e Allison assustaram o goleiro Danilo Fernandes,NF
"No último lance da partida, em ataque do Grêmio, torcedores jogaram sinalizador para dentro do gramado",F
"No fim, prevaleceu a defesa do Inter sobre o ataque do Grêmio e a partida terminou 0 a 0",F
"Após o apito final, confusão entre D'Alessandro, que estava no banco de reservas, e Luan, na saída do campo, mas sem consequências",F
"Na sequência do Brasileirão, o Inter pega a Chapecoense, dia 21, no Beira-Rio",F
"Já o Grêmio visita o Paraná, dia 20",F
"Antes, na terça-feira, encara o Monagas, na Venezuela, pela quinta rodada da fase de grupos da Libertadores",F
Clássico é clássico,F
"Mesmo pior posicionado na tabela de classificação e jogando fora de casa, o Avaí venceu o Figueirense na tarde deste sábado, por 1 a 0, diante de um público superior a 13 mil pessoas no estádio Orlando Scarpelli",F
O jogo foi válido pela quinta rodada do Campeonato Brasileiro da Série B,F
"O gol de Rodrigão no início do segundo tempo fez o Avaí chegar aos oito pontos e subir para a oitava colocação, encostando no rival Figueirense, que conheceu a segunda derrota seguida e estacionou nos nove, perdendo a chance de entrar no G4 (zona de classificação à elite)",F
O primeiro tempo foi bastante truncado e com poucos lances de perigo,NF
"Jogando em casa, o Figueirense teve mais posse de bola e criou sua melhor oportunidade com Gustavo Ferrareis, que desviou cruzamento de João Paulo e só não marcou porque Betão salvou quase em cima da linha",F
"Mesmo com uma postura mais defensiva, o Avaí também criou boas oportunidades",NF
"No último lance do primeiro tempo, Nogueira afastou mal cruzamento e a bola ficou com Romulo, que bateu rasteiro para a defesa segura de Denis",F
"O segundo tempo foi dominado pelo Avaí, que antes de abrir o placar aos 18 minutos havia criado duas oportunidades com Renato",F
"Capa cruzou, Rodrigão cabeceou para grande defesa de Denis",F
"No rebote, Renato chutou em cima de Eduardo e a bola voltou para Rodrigão marcar num chute mascado",F
O Figueirense não conseguia esboçar uma pressão e ainda viu o Avaí ter um gol de Rodrigão anulado,F
"Nos minutos finais, os donos da casa abusaram das bolas aéreas, mas a zaga adversária ganhou todas",F
"O Figueirense volta a campo na próxima sexta-feira, contra o Fortaleza, às 21h30, de novo em Florianópolis (SC), enquanto o Avaí enfrenta o CRB já na terça-feira, às 19h15, no estádio Rei Pelé, em Maceió (AL)",F
Os jogos são válidos pela sexta rodada,F
"Em sua última partida como mandante nesta edição do Campeonato Espanhol, o Real Madrid aplicou uma goleada por 6 a 0 sobre o Celta, neste sábado, no estádio Santiago Bernabéu, em confronto válido pela penúltima rodada da competição nacional",F
"O time comandado por Zinedine Zidane foi arrasador desde o início e com 32 minutos já vencia a equipe de Vigo por 3 a 0, com dois gols do galês Gareth Bale e um do meia espanhol Isco",F
"Na etapa final, o marroquino Achraf Hakimi, Sergi Gomez (contra) e o alemão Toni Kroos marcaram mais três vezes e decretaram a impiedosa goleada",F
"E o massacre do Real aconteceu mesmo sem a presença em campo do atacante Cristiano Ronaldo, que se recupera de lesão sofrida no clássico contra o Barcelona",F
"Com o resultado, o Real chegou aos 75 pontos na terceira posição e ainda se manteve vivo na luta pelo vice-campeonato do Campeonato Espanhol, no qual fechará a sua campanha no próximo dia 19, contra o Villarreal, fora de casa",F
"Para isso, porém, precisará vencer o adversário e ainda contar com uma derrota do Atlético de Madrid, vice-líder, com 78 pontos, para o Eibar, na capital espanhola, no dia 20, em outro confronto pela rodada derradeira da competição",F
"O triunfo expressivo deste sábado também serviu para o Real se redimir da derrota por 3 a 2 para o Sevilla, sofrida na última quarta-feira, fora de casa, em confronto atrasado válido pela 34ª rodada do Espanhol",F
"Antes disso, o time havia arrancado um empate por 2 a 2 com o Barcelona, no Camp Nou, no clássico",F
"Ao ser massacrado neste sábado, o Celta estacionou nos 46 pontos e ocupa a 13ª posição, antes de fechar a sua campanha contra o Levante, em Vigo, no próximo dia 19, na partida que abrirá a última rodada do Campeonato Espanhol",F
"Sem risco de ser rebaixado e fora da briga por vaga em competições continentais, o Celta apenas tentará deixar uma boa impressão para a sua torcida neste confronto",NF
"Neste domingo, no complemento da penúltima rodada, o Espanyol, 15º colocado, enfrenta o rebaixado Málaga, em casa, com a chance de se igualar ao Celta com 46 pontos",F
"No outro duelo do dia, o Barcelona, campeão por antecipação, com 90 pontos, enfrenta o Levante, no campo do adversário, com o objetivo de ampliar a sua invencibilidade - acumula 27 vitórias e nove empates em 36 jogos nesta edição da competição",F
"O Atlético de Madrid bateu o Getafe por 1 a 0, fora de casa, tarde deste sábado, e se aproximou do vice-campeonato espanhol",F
"Faltando apenas uma rodada para o fim da competição, a equipe do técnico Diego Simeone chegou aos 78 pontos, seis a mais do que o Real Madrid, terceiro colocado, que joga ainda neste sábado contra o Celta de Vigo",F
"O gol da vitória do Atlético foi marcado por Koke, aos 8 minutos do primeiro tempo",F
"O goleiro Jan Oblak garantiu os três pontos ao pegar pênalti no fim do jogo, marcado por disputas fortes no meio-campo e poucas chances reais de gol",F
"O time do lateral brasileiro Filipe Luís pega o Eibar, que chegou aos 50 pontos, na nona posição, após vitória sobre o Las Palmas, por 1 a 0",F
Conquista cada vez mais distante,F
"Com a derrota, o Getafe viu a sua almejada conquista da vaga na Liga Europa ficar mais distante",F
"Neste duelo, o Betis abriu o placar com um gol de Marc Bartra aos 5 minutos do primeiro tempo, mas o seu rival virou o jogo na etapa final com Wissam Ben Yedder e Simon Kjaer balançando as redes, aos 12 e aos 34 minutos",F
"A virada, entretanto, durou pouco, pois o Bétis empatou logo em seguida, com Loren Moron, aos 36",F
"Em outro jogo encerrado há pouco neste sábado, o quarto colocado Valencia fez 1 a 0 no Girona, fora de casa, com um gol de Luciano Dario Vietto, e chegou aos 70 pontos na classificação",F
"Já o Alavés superou o Athletic Bilbao por 3 a 1, em casa, enquanto o Villarreal venceu o Deportivo La Coruña por 4 a 2 como visitante",F
"Neste domingo, no fechamento da 37ª rodada do espanhol, o campeão Barcelona visita o Levante e o Espanyol recebe o já rebaixado Málaga",F
"O Palmeiras focou jogadas de bola parada em treino deste sábado, o último antes do clássico contra o Corinthians, domingo, às 16h em Itaquera, pela quinta rodada do Campeonato Brasileiro",F
"A atividade realizada na Academia de Futebol também teve toques rápidos, em espaços curtos, e finalizações",F
O tradicional rachão fechou o trabalho,F
"Apesar da descontração na véspera do clássico, o Palmeiras vai para o duelo confiante em seguir como visitante indigesto em 2018",NF
"Fora de casa neste ano, a equipe venceu 12 vezes, em 15 jogos",F
"Respeitável aproveitamento de 84,4%, o melhor retrospecto do Brasil",F
"A única derrota na temporada até agora ocorreu justamente na Arena Corinthians, contra o rival, na fase de grupos do Paulistão",F
"Por outro lado, o Palmeiras é o clube que mais venceu o adversário em Itaquera: três vezes",F
"No clássico deste domingo, a equipe do técnico Roger Machado fará a quarta partida seguida longe do Allianz Parque",F
"Nos três confrontos anteriores, três vitórias contra Alianza Lima (no Peru, pela Libertadores), Atlético-PR (em Curitiba, pelo Brasileirão) e América-MG (em Belo Horizonte, pela Copa do Brasil)",F
O técnico Roger Machado confirmou a escalação da equipe na sexta-feira,F
"A única alteração em relação ao time que superou o América-MG por 2 a 1, quarta-feira, é a ausência de Felipe Melo, suspenso pelo terceiro cartão amarelo",F
O substituto do volante é Thiago Santos,F
"A equipe, assim, entrará em campo com: Jailson; Marcos Rocha, Antônio Carlos, Edu Dracena e Diogo Barbosa; Thiago Santos, Bruno Henrique e Lucas Lima; Dudu, Keno e Borja",F
"O time do técnico Roger Machado é o vice-líder da competição, com 8 pontos, um na frente do terceiro Corinthians",F
"O Corinthians recebeu o apoio da sua torcida na manhã deste sábado, durante o último treino antes do clássico diante do Palmeiras, domingo, às 16h, na Arena Corinthians, pela quinta rodada do Campeonato Brasileiro",F
A presença dos torcedores para apoiar atletas e comissão técnica tem se tornado tradição antes de partidas importantes,F
Desta vez os torcedores compareceram ao CT Joaquim Grava,F
"Os jogadores retribuíram à manifestação e foram saudar os corintianos que faziam a festa do lado de fora, com bandeiras, fogos de artifício e instrumentos musicais",F
"O técnico Fábio Carille deve manter a equipe que superou o Vitória por 3 a 1, pelas oitavas de final da Copa do Brasil, na quinta-feira",F
"Assim, Pedrinho continua entre os titulares, ao lado de Romero no ataque",F
"Xodó da torcida, ele tem feito boas apresentações",NF
"Depois de se movimentar em curto período no treinamento, o atleta bateu papo individual com o comandante alvinegro",F
"Com Cássio no gol, a linha defensiva será montada com Mantuan, Balbuena, Henrique e Sidcley",F
Gabriel e Maycon farão a proteção da zaga,F
E a armação das jogadas ficará a cargo de Jadson e Rodriguinho,F
"Apesar da atenção especial a Pedrinho, Carille conversou bastante com o elenco durante a atividade",F
Mostrou vídeo aos jogadores e teve longo diálogo com a equipe que iniciará o derby,F
"No campo do CT, o restante do elenco fez trabalho em campo reduzido, com ênfase na rápida troca de passes, marcação, finalização e outros fundamentos",F
"Os desfalques para a partida são Renê Júnior, Ralf, Fagner, Clayson, Léo Santos e Danilo, todos machucados",F
"A equipe está na terceira posição do Brasileirão com sete pontos, um atrás do vice Palmeiras e três do líder Flamengo",F
A temporada terminou de maneira extremamente amarga para o Bayern de Munique,NF
"Campeão antecipado do Campeonato Alemão, a equipe esperava neste sábado se despedir com festa na última rodada da competição, em casa, contra o Stuttgart",NF
Mas foi surpreendida e acabou goleada por 4 a 1,NF
"O resultado se soma à frustração da queda na semifinal da Liga dos Campeões, para o Real Madrid",F
"Ainda assim, o Bayern de Munique terminou o Alemão com 84 pontos, 21 de vantagem para o vice Schalke 04, que também neste sábado superou o Eintracht Frankfurt por 1 a 0",F
"Sem mais pretensões na temporada, o Bayern de Munique entrou em campo com alguns de seus principais jogadores, como Kimmich, Hummels, Thomas Müller, James Rodríguez, Ribéry e Lewandowski, além do brasileiro Rafinha",F
Mas foi surpreendentemente dominado,NF
Daniel Ginczek abriu o placar logo no início para os visitantes e Tolisso ainda empatou aos 22,F
"Mas, em seguida, Anastasios Donis, Chadrac Akolo e novamente Ginczek sacramentaram a goleada que deixou o Stuttgart com 51 pontos, na sétima colocação",F
"Ainda assim, a equipe não se classificou para nenhuma competição europeia",F
"Se as duas primeiras posições estavam definidas, a briga era grande pelas duas colocações seguintes, que valiam uma vaga na Liga dos Campeões",F
"E o Hoffenheim, contando com o apoio de sua torcida, superou o Borussia Dortmund por 3 a 1 e se garantiu na principal competição europeia",F
"A equipe, assim, assumiu a terceira posição com 55 pontos, os mesmos do Borussia Dortmund, quarto colocado e também garantido na Liga dos Campeões",F
"Andrej Kramaric, Adam Szalai e Pavel Kaderabek marcaram os gols do importante triunfo do Hoffenheim - Marco Reus descontou para os visitantes",F
Pior para o Bayer Leverkusen,NF
"A equipe até fez a sua parte, superou o Hannover em casa, por 3 a 2, e também chegou aos 55 pontos",F
"Mas, nos critérios de desempate, terminou na quinta posição e disputará apenas a Liga Europa",F
"Já o RB Leipzig, com um massacre sobre o Hertha Berlin por 6 a 2 fora de casa, chegou aos 53 pontos, assegurou a sexta colocação e ao menos se garantiu nos playoffs da Liga Europa",F
"inda neste sábado, fora de casa, o Werder Bremen derrotou o Mainz por 2 a 1",F
Neymar está liberado para voltar aos treinos,F
"Na manhã deste sábado, 12, o astro foi reavaliado por Rodrigo Lasmar, médico da seleção brasileira, e constatou-se que ele está recuperado de sua cirurgia no quinto metatarso do pé direito",F
"A confirmação veio pelo próprio Paris Saint-Germain, clube do brasileiro",F
"A expectativa, assim, é de que Neymar acompanhe a partida deste sábado contra o Rennes, em Paris, pelo Campeonato Francês, e volte a treinar no domingo",F
"""Os exames realizados hoje (sábado) mostraram uma consolidação bastante satisfatória de sua lesão no quinto metatarso do pé direito"", informou o PSG em seu site oficial",F
"""Neymar Jr começará amanhã sua preparação física com a bola no gramado do Centro de Treinamento Ooredoo""",F
"Neymar fraturou o quinto metatarso em fevereiro, passou por uma cirurgia em março e perdeu o final da temporada do clube francês",F
"Seu retorno aos treinos neste domingo, porém, alimenta a expectativa de que ele chegará em bom ritmo à Copa do Mundo da Rússia, que começa em 14 de junho",F
A liberação do atacante ocorre um dia após a confirmação de que Daniel Alves está fora do Mundial de 2018,F
O companheiro de Neymar do PSG passará por uma cirurgia no joelho direito e ficará seis meses afastado dos gramados,F
"Com a presença certa de Neymar, a convocação da seleção brasileira será realizada nesta segunda-feira",F
"O Brasil estreia no dia 17 de junho, em Rostov, contra a Suíça",F
"Antes disso, o time de Tite se reúne a partir do dia 21 de maio na Granja Comary, em Teresópolis (RJ), para o início da preparação",F
"Depois a delegação embarca para Londres, onde faz sua primeira parada antes de chegar à Rússia",F
"Fábio Carille vai definir o time titular do Corinthians para encarar o Palmeiras neste sábado, em treinamento que será realizado no CT Joaquim Grava, em São Paulo",F
"O treinador falou, em entrevista coletiva nesta sexta-feira, que vê o empate como um resultado maravilhoso para o rival, pelas circunstâncias do clássico, que será disputado neste domingo, na Arena Corinthians",F
"""O Palmeiras está em segundo e um empate para eles aqui é maravilhoso, pois eles vão seguir no bloco de cima",NF
O fato de ter um dia a menos de preparação em comparação ao rival não é algo que parece preocupar Fábio Carille,NF
"O Palmeiras jogou na última quarta-feira contra o América-MG, em Belo Horizonte, enquanto que o Corinthians atuou na quinta diante do Vitória, em São Paulo",F
Ambos pelas oitavas de final da Copa do Brasil,F
"""Quando tem um dia a menos de preparação, não é justo",NF
O jogo ontem (quinta-feira) foi menos intenso,NF
"Acredito que vamos chegar em uma condição muito boa para o clássico"", projetou Fábio Carille",NF
"Sobre a possível formação para iniciar o clássico, o treinador explicou que a dúvida é pela questão física",F
Ele vai aguardar a realização dos exames na manhã deste sábado para saber com quem poderá contar,F
"Caso todos estejam aptos, ele vai repetir a equipe que derrotou o Vitória",F
"Assim, o Corinthians deve ir a campo com Cássio; Mantuan, Balbuena, Henrique e Sidcley; Gabriel e Maycon; Pedrinho, Jadson Rodriguinho e Romero",F
"Vale lembrar que durante o treinamento deste sábado, a Gaviões da Fiel, principal torcida organizada do clube, promete fazer uma manifestação de apoio na frente do CT Joaquim Grava",F
"Com um time misto, o Manchester United ficou no empate sem gols com o West Ham nesta quinta-feira, em casa, e confirmou a segunda colocação no Campeonato Inglês, a uma rodada do final",F
"Com o resultado, a equipe anfitriã foi a 78 pontos e não pode mais ser alcançada pelo Tottenham, que está em terceiro lugar com 74",F
"O Manchester City, campeão antecipado, lidera com 97 pontos",F
Os três primeiros colocados já estão garantidos na Liga dos Campeões e a última rodada da competição definirá quem ficará com a quarta vaga,F
"A briga está entre o Liverpool, atual quarto colocado com 72 pontos, e o Chelsea, que está em quinto, com 70 pontos",F
"A rodada final do Inglês acontecerá toda no domingo, às 11 horas (de Brasília)",F
"O Liverpool receberá o Brighton & Hove Albion, 14º na tabela com 40 pontos",F
"O Chelsea visitará o Newcastle, que está em décimo, com 41",F
"O Manchester United cumpre tabela contra o Watford, em casa",F
"O West Ham, 15º colocado com 39 pontos, também joga sem objetivos contra o Everton, em casa",F
"Além da disputa pela Liga dos Campeões, a última rodada sacramentará também a terceira vaga do rebaixamento",F
"A não ser que aconteça um milagre, o Swansea será confirmado na segunda divisão",NF
"O Swansea ocupa o 18º lugar, com 33 pontos e está a três de distância do Southampton",F
"No entanto, além de vencer e torcer para o rival perder, a equipe ainda tem que tirar uma diferença de nove gols de saldo",F
"No duelo desta sexta-feira, o United, apesar de atuar com oito reservas, foi superior e dominou o primeiro tempo",NF
"Alexis Sánchez teve duas chances, que foram salvas pelo goleiro Adrian",F
"No segundo tempo, o Manchester United diminuiu o ritmo e o jogo só foi esquentar nos minutos finais, quando houve um princípio de confusão",NF
"Paul Pogba deu um carrinho por trás em Mark Noble, que foi tirar satisfação",F
"Outros jogadores entraram para tentar apartar, houve empurra-empurra, mas o árbitro não expulsou ninguém de campo",F
Deu apenas um amarelo para Pogba e para Noble,F
"O Bahia não tomou conhecimento do Vasco nesta quarta-feira, fez a festa da sua torcida e encaminhou a vaga às quartas de final da Copa do Brasil ao vencer por 3 a 0",F
O placar poderia ter sido ainda mais elástico,NF
"O resultado colocou o Bahia em ótimas condições para o confronto de volta, somente no dia 16 de julho, após a Copa do Mundo, em São Januário",NF
"No domingo, a equipe recebe o São Paulo pelo Brasileirão, enquanto o Vasco encara o Vitória, também em casa",F
"Se vinha de três partidas seguidas sem marcar sequer um gol, o Bahia exibiu um volume ofensivo que empolgou o torcedor",NF
"É bem verdade que a defesa do Vasco não se encontrou em nenhum momento e cedeu muito espaços, principalmente nas costas dos alas Yago Pikachu e Henrique",NF
"Após as recentes goleadas sofridas, Zé Ricardo mostrou preocupação com a defesa vascaína mais uma vez e escalou o time com três zagueiros",F
"Não deu certo, porque Paulão viveu mais uma noite para esquecer e os defensores mostraram muita lentidão",NF
O Bahia aproveitou-se disso com bastante movimentação e velocidade desde os primeiros minutos,NF
"Aos cinco, Paulão errou na cobrança de falta no campo de defesa e Elton finalizou cruzado, para fora",F
"Aos 13, Vinícius quase marcou e, no rebote, Zé Rafael foi travado na hora certa",F
"O gol parecia questão de tempo, e veio somente cinco minutos mais tarde",NF
"João Pedro recebeu pela direita, foi cortando pelo meio e bateu de esquerda, travado",F
"A sobra ficou com Zé Rafael, que finalizou colocado, no ângulo esquerdo de Martín Silva",F
"Mesmo com a vantagem, o Bahia manteve o padrão e seguiu criando chance atrás de chance",NF
"Aos 20, após rápido contra-ataque, Edigar Junio recebeu de Vinícius e bateu rente à trave",F
"Mas quatro minutos mais tarde, o mesmo atacante aproveitou falta cobrada pela direita e subiu para marcar o segundo",F
"Era um verdadeiro massacre, que só não se tornou uma goleada ainda no primeiro tempo devido aos erros nas finalizações dos donos da casa",NF
"Aos 26, Élber recebeu na área e bateu, mas Paulão salvou de carrinho",F
"Três minutos mais tarde, foi Elton quem desperdiçou bom momento",NF
Só então o Bahia diminuiu o ritmo,NF
Mas isso apenas até o intervalo,F
"Na volta para o segundo tempo, o time voltou a apertar e quase marcou o terceiro logo com um minuto",NF
"João Pedro cruzou rasteiro, Élber dominou e ainda limpou o zagueiro antes de bater firme",F
Martín Silva fez grande defesa,F
"Mas três minutos mais tarde, o uruguaio nada pôde fazer",F
"Desábato perdeu na intermediária, Zé Rafael roubou e encontrou Vinícius, que bateu no canto esquerdo",F
A bola ainda tocou na trave antes de entrar,F
A tranquilidade pelo terceiro gol e o cansaço finalmente diminuíram o ritmo baiano,NF
"Mesmo assim, o Vasco sequer ameaçava o gol de Douglas Friedrich",NF
"Aos 30, João Pedro arriscou cruzado, Martín Silva defendeu e a sobra ficou com Edigar Junio, que exigiu outra ótima intervenção do uruguaio",F
"Somente nos acréscimos, Kelvin teve a chance de diminuir, mas jogou por cima",F
"Longe de fazer um grande jogo e chegando a ouvir vaias da torcida durante a partida, o São Paulo conseguiu derrotar o Rosario Central em casa nesta quarta-feira, por 1 a 0, e segue vivo na Sul-Americana",F
"Com gol de canela de Diego Souza, o time de Diego Aguirre superou o ""trauma"" de ter caído na 1ª fase do torneio no ano passado e dá uma razão para seu torcedor acreditar em uma reviravolta na temporada que começou ruim",F
"Contestado e em baixa até poucos dias, o herói da classificação, Diego Souza, chegou ao seu quinto gol pelo São Paulo, passou Nenê na artilharia do time na temporada e volta a se firmar como titular na equipe de Aguirre",F
"Após um empate sem gols no duelo de ida na Argentina, o São Paulo sabia que precisava ir para frente para se classificar",F
"Sem Rodrigo Caio, suspenso, e Militão, com dores musculares, Aguirre precisou abrir mão do sistema com três zagueiros",F
"Apostou em três volantes, com Petros mais avançado, tentando fazer a articulação com Nenê e Diego Souza na frente",F
Não demorou para ter chances claras de gol,NF
"Aos sete minutos, Diego Souza furou bola desviada por Valdívia em cobrança de falta de Nenê",F
Uma chance claríssima,NF
"Só não mais que a de Petros, dois minutos depois, que recebeu passe de cabeça de Diego Souza na pequena área e chutou para fora",F
"A postura ofensiva do time de Aguirre animava a torcida, que passava a ver o São Paulo com facilidade para entrar na área dos argentinos, principalmente nas bolas aéreas",NF
"Aos 19, Nenê recebeu cruzamento de Diego Souza pela direita, mas parou nas mãos do goleiro Ledesma",F
"E então, o jogo ficou truncado",NF
Muitos passes errados e quase nenhuma jogada que terminasse em finalização,NF
O Rosario se acertou na marcação e passou a crescer na partida,NF
"De fora da área, Da Campo quase surpreendeu Sidão em duas oportunidades",F
"Enquanto isso, o São Paulo perdia em intensidade",NF
"Ao fim do primeiro tempo, vaias da torcida no Morumbi",F
"Na volta para o segundo tempo, foi o Rosario Central quem teve a primeira chance de perigo, com Pereyra tirando tinta da trave de Sidão",F
"Mas foi Diego Souza, aos 15, que estava no local certo e na hora certa para abrir o placar",F
"Reinaldo invadiu a área e, tropeçando, chutou na trave",F
A bola bateu na canela de Diego Souza e entrou,F
"O Rosario teve chance de empatar em cabeçada de Da Campo, mas Sidão pulou para buscar a bola",F
"À frente no placar, o São Paulo recuou, valorizou a posse de bola e tentava articular jogadas nos erros dos argentinos",NF
"Com mais espaço no meio-campo, o Rosario, que precisava de um gol para mudar a história do jogo, tentava se aproximar da área tricolor, mas perdia na marcação do setor defensivo do São Paulo",NF
Nem mesmo as expulsões de Cueva e Petros nos últimos minutos mudaram o resultado,F
"O Palmeiras aproveitou a estreia na Copa do Brasil para ampliar a boa fase e mostrar a força do ataque para o clássico deste domingo contra o Corinthians, pelo Campeonato Brasileiro, na casa do rival",F
"Jogando no estádio Independência, em Belo Horizonte, o time venceu o América-MG por 2 a 1",F
"No jogo de volta, no próximo dia 23, vai atuar pelo empate em casa",F
"Agora, a equipe do técnico Roger Machado tem oito jogos de invencibilidade",F
"Por outro lado, a vitória deixou um motivo de preocupação para os palmeirenses: o desempenho da defesa",NF
"O zagueiro Antonio Carlos falhou feio em uma saída de bola, permitindo o gol do América-MG, e o setor se mostrou vulnerável nas jogadas pelo alto",NF
"No jogo desta quarta-feira, o Palmeiras mostrou como consegue ser o melhor visitante do futebol brasileiro na temporada",NF
A equipe mantém o padrão tático e toma a iniciativa mesmo na casa dos rivais,F
"A equipe alviverde tocou a bola no campo do adversário como se estivesse no estádio Allianz Parque, em São Paulo",NF
"Para isso, aproveitou obviamente sua organização tática e a qualidade técnica superior dos atletas do meio para a frente",NF
Mas os números mostram que o cenário desse jogo não foi um fato isolado,F
Quase sempre o Palmeiras impõe seu jogo,NF
"Considerando todos os torneios e também o jogo no estádio Independência, o time alviverde atuou como visitante em 15 ocasiões",F
"Ganhou 12, empatou duas e foi superado em uma única partida - diante do Corinthians, na fase de classificação do Campeonato Paulista",F
A mobilidade foi o ponto forte,NF
"Depois de passagens por Borussia Dortmund e Mainz, na Alemanha, Thomas Tuchel terá, na próxima temporada, sua primeira empreitada fora de seu país",F
"O treinador assumirá o comando do Paris Saint-Germain, de Neymar e companhia",F
"Como a imprensa francesa vinha noticiando nos últimos dias, o comandante o alemão era o favorito para assumir a vaga de Unai Emery, e na tarde desta segunda-feira foi oficializado na função",F
"Existe um potencial extraordinário no clube, e este é o desafio mais tentador que já tive",NF
"Também estou ansioso para conhecer o Parque dos Príncipes, um lendário estádio de futebol europeu com uma atmosfera fantástica”",NF
disse o treinador que assinou contrato de duas temporadas,F
Thomas é um dos treinadores europeus mais competitivos que surgiram nos últimos anos,NF
"É fortemente ligados a princípios espetaculares e eficazes que sempre alimentaram a força do futebol alemão, especialmente no âmbito internacional",NF
"Sua personalidade ambiciosa, gosto para um jogo ofensivo e sua força de caráter se encaixam no estilo do Paris Saint-Germain",NF
Esse estilo que os fãs do nosso clube sempre procuraram e admiraram”,NF
"disse o presidente do clube francês, Nasser Al-Khelaifi",F
"Sem clube desde maio de 2017, quando deixou o Borussia Dortmund, o alemão de 44 anos foi elogiado pelo PSG por ser um “fã de um futebol ofensivo e dinâmico que inovou os padrões da Alemanha”",F
"Nas duas temporadas em que esteve na frente dos auri-negros, Tuchel conquistou 67 vitórias em 107 partida, porém, só conquistou a Copa da Alemanha de 2016-17",F
Ninguém imagina que Neymar não seja um dos 23 nomes convocados por Tite para a Copa do Mundo da Rússia,NF
"Mesmo assim, o camisa 10 e referência técnica da Seleção Brasileira mantém a expectativa por ouvir seu nome da boca do treinador e externou esse “nervosismo” com uma foto nas redes sociais",F
"Mesmo sem jogar desde fevereiro, quando fraturou o quinto metatarso do pé direito, Neymar não deve correr riscos para atuar com 100% de suas condições físicas no Mundial",NF
"No último domingo, ele foi liberado para voltar a treinar com bola pelo médico da Seleção Rodrigo Lasmar, que foi até Paris para acompanhar a situação de Daniel Alves, confirmado fora da competição",F
"A expectativa do departamento médico é de que o retorno de Neymar em uma partida seja no amistoso contra a Croácia, programado para o dia 3 de junho",F
"A estreia no na Copa será dia 17, contra a Suíça, em Rostov.",F
"Nesta segunda-feira, foi divulgado o resultado da última instância do julgamento de Paolo Guerrero, atacante do Flamengo e da seleção do Peru, por doping para benzoilecgonina, um metabólico da coca e da cocaína",F
"A decisão do Tribunal Arbitral do Esporte (CAS, na sigla em inglês), foi a de aumentar a pena de Guerrero para 14 meses, e com isso, o jogador está fora da Copa do Mundo da Rússia",F
"A decisão em última instância é definitiva, e não cabe mais recurso",F
"A defesa pedia a anulação por completo da pena, e a punição foi reduzida para seis meses",F
"O atacante estava cumprindo a suspensão provisória desde o dia 3 de novembro, e no dia 3 de maio, após nova audiência, ficou liberado para atuar até que a decisão final fosse divulgada",F
"Dos 14 meses de pena, portanto, o camisa 9 já cumpriu seis",F
"Guerrero alega que tomou chá de coca e chá com uma mistura com a folha de coca no hotel que a seleção peruana estava concentrada para o jogo diante da Argentina, pelas eliminatórias da Copa, no dia 5 de outubro",F
"O seu teste deu positivo para benzoilecgonina, resultado do metabolismo da coca ou da cocaína no organismo, que está na lista de substância proibidas pela Wada (Agência Mundial Antidoping, na sigla em inglês)",F
A lista de convocados da Seleção Argentina para a Copa do Mundode 2018 foi divulgada nesta segunda-feira (14/05),F
O técnico Jorge Sampaoli será o comandante no Mundial.,F
"O Manchester City confirmou nesta segunda-feira que Pablo Maffeo foi vendido para o Stuttgart, da Alemanha, por 10 milhões de euros (R$ 42,6 milhões)",F
"O jogador de 20 anos estava emprestado ao Girona, da Espanha",F
disse o lateral-direito em nota divulgada pela empresa que o representa,F
"Nascido em 1997, a jovem promessa foi convocada algumas vezes para jogar na seleção espanhola sub21 e estava atuando no Girona desde 2016, entre Copa do Rei, segunda e primeira divisão do Campeonato Espanhol",NF
"O São Paulo chegou de Salvador e já iniciou o trabalho de olho no clássico contra o Santos, marcado para o próximo domino, no Morumbi, pela sexta rodada do Campeonato Brasileiro",F
Os titulares que participaram do empate com o Bahia ficaram apenas na área interna do CT da Barra Funda para uma atividade regenerativa,F
"No campo, jogadores como Petros e Liziero comandaram um treino puxado debaixo de Sol forte ao lado daqueles que não foram utilizados por Diego Aguirre no domingo, também com a companhia de Valdívia e Shaylon, dupla que atuou apenas no segundo tempo",NF
"Havia a expectativa pela presença de Diego Souza e Rodrigo Caio no gramado, mas ambos ficaram fazendo tratamento",NF
"O camisa 9 cuida de um edema na coxa esquerda, enquanto o zagueiro faz reforço muscular depois de sofrer uma torção no pé esquerdo",F
"Como não têm lesão, a tendência que é que os dois atletas estejam entre os relacionados para enfrentar o Santos",F
"Mesmo assim, o clube prefere agir com cautela e aguardar a resposta para isso durante a semana livre, nos treinamentos",F
"Diego Souza sentiu o incômodo no segundo tempo do duelo com o Rosario Central, pouco depois de marcar o gol da classificação do São Paulo na Copa Sul-Americana",F
"Já Rodrigo Caio se machucou em Fortaleza, durante o empate sem gols com o Ceará, há cinco jogos",F
Outra preocupação do departamento médico é com Éder Militão,F
O zagueiro deixou o a partida na Fonte Nova mancando bastante por causa de dores na coxa esquerda,NF
"Na manhã dessa segunda, fez exames, mas o diagnostico deve sair mais tarde",NF
"Não bastasse isso, Anderson Martins também gera preocupação",NF
"Com um trauma na coxa esquerda, o zagueiro é dúvida para enfrentar o Santos, assim como Morato, que novamente sequer deve ficar à disposição devido a um entrose no tornozelo esquerdo",F
"Com o que sobrou do elenco, André Aguirre observou um treino focado em trabalho de bola em espaço reduzido sob gritos de seu auxiliar, e também reservou parte do tempo para atividades físicas de explosão muscular, com piques curtos dos atletas",F
"Nessa terça-feira o elenco do São Paulo ganha um dia de folga e, na quarta, volta ao trabalho totalmente focado na preparação para enfrentar o Santos, no Morumbi e, quem sabe, acabar com a série de quatro empates seguidos no Brasileirão",NF
O atacante Paolo Guerrero está fora da Copa do Mundo de 2018,F
"Nesta segunda-feira, o escritório de advocacia Kellerhals Carrard Sports Law Team, que representa a Wada (Associação Mundial Antidoping) no caso de doping do centroavante do Flamengo na CAS (Corte Arbitral do Esporte) informou que venceu a causa, conseguindo impor uma suspensão de 14 meses ao atleta",F
"Ele havia sido flagrado durante partida da seleção peruana contra a Argentina, nas eliminatórias do Mundial da Rússia",F
"""A CAS aceitou a apelação da Wada e impôs uma suspensão de 14 meses a Paolo Guerrero, capitão do Peru",F
"O Kellerhals Carrard Sports Law Team fica feliz de ter representado a Wada com sucesso nesse procedimento""",NF
"escreveu o escritório - a CAS confirmou o fato pouco depois, em comunicado",F
A informação também foi confirmada à ESPN pelos advogados do atleta,F
"Guerrero já havia cumprido seis meses de gancho, e agora precisará ficar mais oito meses fora dos gramados",F
"Ele foi punido após ter detectada a substância proibida benzoilecgonina, principal metabólito da cocaína, em seu sangue",F
A defesa alegou que houve contaminação em chá tomado na concentração do Peru,F
"Como não cabe recurso à decisão da CAS, que é a última instância desportiva no planeta, o centroavante está fora da Copa e também não poderá jogar pelo Fla",F
"Ele esteve em campo no último domingo e até marcou um gol na derrota por 3 a 2 para a Chapecoense, pela 5ª rodada do Campeonato Brasileiro",F
"Como seu contrato com o clube rubro-negro só vai até o dia 10 de agosto, o peruano não deve mais vestir a camisa flamenguista",F
"Nesta segunda-feira, antes da comunicação do escritório de advocacia, Guerrero posou para fotos de divulgação da seleção peruana para a Copa do Mundo",F
"No entanto, o material agora não poderá mais ser utilizado",F
"Em contato com a ESPN, a Federação Peruana de Futebol disse que ainda não recebeu nenhum tipo de confirmação oficial da CAS sobre a punição imposta a Guerrero",F
"Contudo, admitem já estar cientes da suspensão do camisa 9",F
"O lateral-esquerdo Fábio Coentrão surpreendeu a todos nesta segunda-feira com o anúncio de que não representará a seleção portuguesa na Copa do Mundo, a partir de junho, na Rússia",F
"Segundo o jogador de 30 anos, que pertence ao Real Madrid e teve passagens por Benfica, Monaco e Sporting, ele está desgastado após mais uma temporada do futebol europeu e afirmou que não se sente preparado para atuar em alto nível nos próximos meses",F
"escreveu, em comunicado por meio de sua conta pessoal do Instagram",F
"O lateral-esquerdo não foi cria da base do Benfica, já que foi revelado pelo pequeno Rio Ave, mas foi nos Encarnados em que ele obteve maior destaque na carreira",NF
"Em julho de 2011, o Real Madrid acertou a compra de seus direitos por 30 milhões de euros",F
"No clube merengue, Coentrão nunca foi um dos principais jogadores, mas, com José Mourinho, chegou a ser titular da posição, fazendo com que o brasileiro Marcelo jogasse mais à frente, no meio-campo",NF
"A partir de 2015, porém, ele passeou por França e Portugal emprestado",F
"Em 30 de junho ele retornará ao Bernabéu para seu último ano de contrato em Madri, após realizar 43 partidas ao todo com a camisa do Sporting",F
"O goleiro Santos, do Atlético-PR, protagonizou uma cena inusitada momentos antes do duelo com o Atlético-MG, no último domingo, na Arena da Baixada",NF
"Vestindo uniforme e luvas, o camisa 1 foi flagrado por um cinegrafista amador usando o seu aparelho celular, e o vídeo acabou sendo amplamente divulgado nas redes sociais",F
"A atitude, criticada pela torcida em decorrência do risco que poderia causar à meta da equipe, foi explicada pelo próprio jogador nesta segunda-feira",F
"De acordo com Santos, a ação fez parte de uma campanha sobre prevenção de acidentes no trânsito",F
"A campanha em questão foi realizada para o Maio Amarelo, movimento que mobiliza milhões de pessoas no mundo todo pela conscientização sobre um trânsito mais seguro",F
O fato de não ter avisado o clube sobre a ação gerou questionamentos e críticas ao goleiro após a derrota por 2 a 1 para o Galo,F
"Em entrevista coletiva concedida depois da partida no último domingo, o técnico Fernando Diniz se mostrou surpreso com o fato",NF
A Copa do Mundo também já começou para a Dinamarca,F
"Nesta segunda-feira, o treinador Age Hareide anunciou sua lista com 35 jogadores pré-convocados para a disputa do Mundial e optou por uma mescla de jogadores mais jovens com outros mais experientes",F
"Referência técnica da equipe, o meia Christian Eriksen também foi chamado, assim como o arqueiro do Leicester, Kasper Schmeichel",NF
"Entre as escolhas mais “experientes” estão o meia Krohn-Dehli, de 34 anos, que disputou a Eurocopa de 2012 e nesta temporada acabou rebaixado na Espanha com o Deportivo La Coruña, e o centroavante Bendtner, que aos 30 anos defende o Rosenborg, da Noruega",F
Suas contribuições para a Seleção foram pela Euro de 2012 e a Copa do Mundo de 2010,F
"Os novatos da lista são os meias Mathias Jensem e Robert Skov, de 21 e 22 anos, respectivamente",F
"Outro jovem convocado foi o atacante Kasper Dolberg, uma das esperanças de gols da Dinamarca para classificar no Grupo C, junto com França, Peru e Dinamarca",NF
"Os 35 convocados pela Federação Dinamarquesa farão parte de um período de treinamentos entre os dias 23 e 25 de maio, quando Hareide definirá a lista final de 23 nomes que irão compor a delegação na Rússia",F
"Antes da estreia na Copa, programada para o dia 16 de junho contra o Peru, ainda farão dois amistosos contra Suécia e México, nos dias 2 e 9, respectivamente",F
Uma boa notícia para o futebol brasileiro: o goleiro Ederson renovou seu vínculo com o Manchester City até 2025,NF
"Tendo conseguido ficar 21 jogos sem levar gols pela equipe inglesa, o brasileiro confia em suas boas atuações para ter aumentado seu contrato",NF
"Nesta segunda-feira, Ederson aguarda a convocação do técnico Tite",F
Esta será sua primeira participação em Copas do Mundo caso seja chamado para compor a Seleção Brasileira,F
"O goleiro tem 24 anos, chegou no City em 2017, vindo do Benfica, e ajudou na conquista do Campeonato Inglês desta temporada",F
Thomas Tuchel é o novo técnico do PSG,F
"Nesta segunda-feira, o clube francês anunciou a chegada do ex-treinador Borussia Dortmund por duas temporadas",F
Ele chega para substituir Unai Emery,F
"É o desafio mais excitante que chegou até mim""",NF
falou Tuchel em entrevista ao site do clube,F
"O presidente do PSG, Nasser Al-Khelaïfi, elogiou o treinador",F
Thomas é um dos treinadores europeus mais competitivos que surgiram nos últimos anos,NF
"Sua personalidade ambiciosa, seu gosto assertivo por jogadas que se movem para frente e sua força de caráter fazem parte do estilo que sempre ouvimos",NF
"Nascido em agosto de 1973, Tuchel era zagueiro e foi revelado pelo Augsburg",F
O primeiro time a lhe dar uma chance como profissional foi o Stuttgarter Kickers,F
"Após poucas partidas, foi para o Ulm 1846, clube no qual se aposentou por conta de uma grave lesão",F
"Como treinador, se destacou no Mainz 05 e foi escolhido pelo Borussia Dortmund para ser o substituto de Jurgen Klopp, que havia se transferido para o Liverpool",F
"Faltando pouco mais de um mês para a Copa do Mundo na Rússia, uma das principais redes sociais do mundo mostram como estão as conversas dos brasileiros quando o assunto é o Mundial",F
"O twitter mostra que no Brasil, os jogadores mais mencionados em Tweets relacionados ao tema foram Daniel Alves (@DaniAlvesD2), Gabriel Jesus (@gabrieljesus33), Neymar Jr (@neymarjr), Philippe Coutinho e Cristiano Ronaldo (@Cristiano)",F
"Os dados foram compilados do início deste ano até o último sábado (12) e entre as hashtags mais usadas no Brasil estão #Russia2018, #WorldCup, #Fifa18, #Copa2018, #SeleçãoBrasileira e #GigantesPorNatureza",F
"O Brasil estreará na Copa do Mundo no dia 17 de junho contra a Suíça, depois enfrentará a Costa Rica na sexta-feira dia 22 e termina a fase de grupos contra a Sérvia no dia 27, última quarta-feira do próximo mês",F
"Depois de ter anunciado a saída de Unai Emery, o Paris Saint-Germain continua na busca de um novo comandante para a próxima temporada",F
"Segundo o jornal argentino Olé, o alvo dos franceses seria o atual técnico do Atlético de Madrid, Diego Simeone, mas sua mulher, a modelo Carla Pereyra, afirmou que, mesmo com a oferta do dobro do que ele recebe em Madri, a família não mudará de ares",F
Diego tem recebido propostas muito importantes,NF
Simeone chegou no Atlético de Madrid em dezembro de 2011 e já comandou 375 partidas oficiais da equipe,F
"Já são cinco títulos conquistados e este número pode aumentar na próxima quarta-feira, contra o Olympique de Marseille, na final da Liga Europa, às 15h45 (de Brasília)",F
"Tanto Carla Pereyra quanto a filha do casal, Francesca, estarão presentes na decisão, que acontece no Parc OL, em Lyon",F
"Já o jornal alemão Suddeutsche Zeitung afirma que Thomas Tuchel, também um dos cotados para assumir o clube parisiense, será anunciado nos próximos dias",F
"Ele, inclusive, teria ido a Paris para conhecer os jogadores, inclusive Neymar, com quem já teria até conversado",F
"Após vencer o clássico diante do Palmeiras pelo Campeonato Brasileiro, o Corinthians retornou às atividades no CT Joaquim Grava de uma maneira diferente",NF
"Nesta segunda-feira, a equipe considerada reserva do clube paulista realizou um jogo-treino contra a Seleção Brasileira Sub-20 e acabou sendo derrotada pelo placar de 2 a 1",F
"Os gols do Brasil foram marcados por Tetê, joia da base do Grêmio, enquanto Roger descontou para o Timão",F
"A partida faz parte da preparação da equipe de base do país, para a disputa do Sul-Americano 2019, que concederá vagas ao Mundial, programado para 2020",F
A seleção vem treinando no CT corinthiano desde o último dia 7 de maio,F
"No entanto, a partida também serviu como um teste importante para vários jogadores do elenco de Fábio Carille",NF
No primeiro dos dois tempos de 35 minutos o Brasil foi bastante superior aos reservas corinthianos,NF
"Com jogadas rápidas criadas principalmente pelos pontas, Toró, da base do São Paulo, e Tetê, do Grêmio, a Seleção abriu 2 a 0 no marcador com dois gols marcados pela promessa gremista",NF
"Para o segundo tempo, Carlos Amadeu trocou toda a seleção brasileira, enquanto Fábio Carille promoveu as entradas de Roger, Kazim, Bruno Xavier e Rodrigo Figueiredo, nos lugares de Marquinhos Gabriel, Júnior Dutra, Mateus Vital e Mateus Matias",F
"As mudanças melhoram a produção da equipe do Corinthians, que atuou num 4-4-2 com dois centroavantes",NF
"Porém, o desentrosamento da equipe corinthiana dificultou a criação de jogadas claras",NF
"Na melhor delas, Bruno Xavier fez boa jogada pela esquerda e fez um belo cruzamento para Roger cabecear bonito tirando do alcance do goleiro da seleção",NF
"Enquanto os reservas realizam o jogo-treino contra o Brasil, os titulares ficaram na parte interna do CT realizando um trabalho regenerativo após o clássico do último domingo",F
"Alguns dos titulares, como Pedrinho, Sidcley e Mantuan foram até a beirada do gramado e acompanharam a atividade",F
"O Timão volta a treinar na manhã desta terça-feira, na última atividade realizada em solo brasileiro antes do confronto contra o Deportivo Lara, válido pela quinta rodada da fase de grupo da Libertadores",F
"O Flamengo perdeu a invencibilidade no Campeonato Brasileiro ao ser derrotado pela Chapecoense, na Arena Condá, no último final de semana",F
"O técnico Maurício Barbieri poupou alguns titulares, mas o resultado foi lamentado pelos rubro-negros",NF
"No entanto, o elenco já está focado na partida desta quarta-feira, contra o Emelec-EQU, no Maracanã, pela Libertadores",NF
Uma vitória garante os cariocas nas oitavas de final da competição,F
O meia Diego afirmou que o Flamengo vive boa fase e precisa manter o foco para o duelo deste meio de semana,NF
"Já o atacante Guerrero, que marcou seu primeiro gol após o retorno da suspensão, pregou atenção",F
"Para o peruano, os rubro-negros precisam aprender com os erros cometidos contra a Chapecoense para não serem surpreendidos pelo Emelec",F
"Com seis pontos, o Flamengo está na segunda posição do Grupo 4 da Libertadores",F
"Caso vença, os rubro-negros avançam para as oitavas de final de forma antecipada e vão encarar o River Plate na última rodada para decidir a liderança da chave",F
O Vasco mostrou que não vive bom momento ao ser derrotado em São Januário pelo Vitória,NF
O resultado acabou com a invencibilidade dos cruzmaltinos na Série A e impediu que a equipe colasse nos líderes da competição,F
O técnico Zé Ricardo lamentou o revés e admitiu pela primeira vez que o ambiente político instável do clube tem atrapalhado os jogadores,F
"A defesa mais uma vez foi vazada, mesmo com as mudanças feitas por Zé Ricardo",NF
"Mesmo assim, o comandante elogiou as atuações de Bruno e Bruno Silva, que iniciaram a partida entre os titulares",F
"Zé Ricardo se irritou ao ser questionado sobre não ter utilizado o jovem Ricardo Graça, pedido constante dos torcedores",NF
"O Vasco terá a semana para trabalhar visando o clássico contra o Flamengo, no próximo sábado, no Maracanã",F
Zé Ricardo espera melhorar a parte física do elenco para encarar o líder do Campeonato Brasileiro,F
"Atualmente jogando no Kitchee, de Hong Kong, o atacante Diego Forlán afirmou à rádio Onda Cero que os torcedores seriam hipócritas se criticassem Antoine Griezmann por deixar por dinheiro o Atlético de Madrid pelo Barcelona na janela de transferências de verão",F
"Os colchoneros ficaram irritados com figuras importantes do Barça, como o presidente, Josep Maria Bartomeu, e o atacante Luis Suárez, que recentemente falaram abertamente da possibilidade do francês chegar ao clube catalão",F
"O diretor executivo do Atlético, Miguel Angel Gil Marin, aliás, bradou “basta” para a situação e disse que o Barcelona deveria recuar na investida por Griezmann",F
"Forlán, entretanto, disse que situações como essas acontecem sempre no futebol e que não foi nada diferente de quando a equipe de Madri o contratou da Real Sociedad, em 2014",F
"A especulação pelos jornais espanhóis é de que a final da Europa League, diante do Olympique de Marselha, da França, em Lyon, será a última partida de Griezmann com a camisa vermelha e branca",F
"De acordo com a rádio Cadena Cope, o Barça ofereceu ao atacante um contrato de 20 milhões de euros por ano, além dos 100 milhões de euros previstos na multa rescisória do jogador com o Atlético",F
"No último domingo, causou muito estranhamento o fato do goleiro Santos, do Atlético-PR, ter apanhado um celular e mexido no aparelho momentos antes do início da partida contra o Atlético-MG, pelo Campeonato Brasileiro, o que é proibido pelas regras da CBF (Confederação Brasileira de Futebol)",NF
"Segundo apurou a ESPN, porém, tudo foi feito com a melhor das intenções",F
"O fato foi na verdade uma ação de marketing do movimento ""Maio Amarelo"", que faz prevenção sobre acidentes de trânsito",F
"Trata-se de uma campanha global pela diminuição de mortes no tráfego, alertando que, atualmente, o uso de celular ao volante mata tantas pessoas quanto o consumo de álcool antes de dirigir",F
"A ação foi criada pela agência Tech and Soul, de São Paulo, para o aplicativo de transportes Uber, e foi combinada previamente com o Atlético-PR, que inclusive convocou uma entrevista coletiva nesta segunda-feira, em Curitiba, para explicá-la",F
"No entanto, nem a CBF e nem o árbitro Luiz Flavio de Oliveira foram avisados",F
"Apesar disso, Oliveira não puniu Santos e também não reportou o uso do celular na súmula da partida, que já foi disponibilizada online",F
A ideia da agência que bolou a campanha era que todos filmassem Santos ao celular,F
Ainda foram feitas filmagens da Tech and Soul para uso nas redes sociais,F
"Com o fim da temporada para o PSG, logo o nome do novo treinador deverá ser anunciado",NF
"Segundo o jornal Mundo Desportivo, o time francês tenta fazer 'suspense', mas o substituto de Unai Emery é o ex- Borussia Dortmund, Thomas Tuchel",F
"Ainda na publicação, há a informação que Tuchel assinará por duas temporadas, e possui o compromisso de que o PSG não venderá o jogador brasileiro",F
Neymar é o futuro da equipe,NF
"O treinador deve ficar alguns dias em Paris, até fazer um curso de francês intensivo na Bélgica",F
Carlos Tévez já tem bem traçado o seu futuro,NF
"O jogador do Boca Juniors revelou seus planos em entrevista ao programa Pasión por el Fútbol, do Canal 13, da Argentina, revelando quando pretende encerrar a carreira",F
"disse, deixando 2019 como seu último ano nos gramados, e garantindo que vai dar adeus com a camisa do clube que o revelou",F
"afirmou, lembrando da frustrada passagem pelo futebol chinês",NF
Tévez também aproveitou para falar sobre seus planos para depois da aposentadoria,F
"A ideia do ex-Corinthians, Juventus, entre outros, é tornar-se um treinador ou dirigente, mas nada será feito imediatamente após deixar os gramados",NF
disse o jogador de 34 anos que acabou de conquistar o Campeonato Argentino com o Boca,F
"Tite anunciará os 23 convocados da seleção brasileira para a Copa do Mundo da Rússia, nesta segunda-feira, às 14h (de Brasília), no Rio de Janeiro",F
"Depois terá pouco mais de 30 dias para preparar a equipe para a estreia no Mundial, em 17 de junho",F
"Para o treinador, será a realização de uma carreira iniciada em 1990 e que teve a grande reviravolta por causa de um telefonema",F
Recebi o telefonema que mudou a minha vida,NF
Andrés Sanchez me ligou para saber se eu queria voltar para o Brasil e ser o treinador do Corinthians,F
Eu disse a ele que não estava certo a respeito disso,F
"Na época, o treinador estava iniciando o trabalho pelo Al Wahda",F
Chegou ao clube dos Emirados Árabes Unidos no final de agosto de 2010,F
"Dois meses depois foi procurado pelo Corinthians, que buscava um substituto para o demitido Adílson Batista",F
"Minha esposa, Rose, amava nossa vida em Abu Dhabi",NF
Minha filha já tinha feito exames para começar a frequentar a escola por lá,F
"Nós tínhamos uma vida linda sem muita pressão. Na verdade, era perfeito",NF
"Ah, você não me engana. Eu sei que você quer voltar",NF
Tite já havia passado pelo Corinthians entre maio de 2004 e fevereiro de 2005,F
Voltar poderia não parecer sensato,NF
"""[Minha esposa] sabia o que estava no meu coração",NF
Eu peguei o avião para São Paulo poucos dias depois,F
É uma honra incrível,NF
O treinador acabou retornando,F
"Conduziu o time nos oito jogos restantes do Campeonato Brasileiro, terminando na terceira colocação",F
Com isso obteve vaga na fase preliminar da Copa Libertadores de 2011,F
